name,theater,start_date,end_date,matched_theater,exact_match,similarity_score
슈퍼 고양이 푸스 [군포],군포문화예술회관,2024.07.18,2024.07.18,군포문화예술회관,true,100
스텝: 춤추는 발자국,명보아트홀,2024.04.22,2024.12.31,명보아트홀,true,100
"3DIVA 콘서트: 정선아, 차지연, 홍지민 [함양]",함양문화예술회관,2024.07.18,2024.07.18,양주문화예술회관,false,88
신 홍길동전 [성남],성남아트센터,2024.07.18,2024.07.21,성남아트센터,true,100
뽀로로와 친구들의 드림콘서트: 잃어버린 꿈을 찾아서 [안산],안산문화예술의전당,2024.07.13,2024.07.14,안산문화예술의전당,true,100
Behind the Moon 쇼케이스,충무아트센터,2024.07.20,2024.07.22,충무아트센터,true,100
신데렐라 [당진],당진문예의전당,2024.07.20,2024.07.20,당진문예의전당,true,100
뽀로로와 친구들의 드림콘서트: 잃어버린 꿈을 찾아서 [수원],경기아트센터(구. 경기도문화의전당),2024.07.06,2024.07.07,경기아트센터(구. 경기도문화의전당),true,100
피터팬 [부천],현대백화점 문화홀 [중동],2024.07.13,2024.07.14,현대백화점 문화홀 [대구],false,86
영화 애수를 사랑한 젊은이,국립극장,2024.06.26,2024.06.26,국립극장,true,100
고릴라 [서울 성북],현대백화점 문화홀 [미아],2024.07.20,2024.07.28,현대백화점 문화홀 [대구],false,86
알사탕 [포천],포천반월아트홀,2024.07.20,2024.07.20,포천반월아트홀,true,100
NEW 달을 품은 슈퍼맨 [청송],청송군문화예술회관,2024.07.11,2024.07.11,군포문화예술회관,false,82
장영실과 함께하는 별별 GPT [여수],예울마루,2024.07.19,2024.07.20,예울마루,true,100
옥주현 with Friends 뮤지컬 콘서트 [수원],경기아트센터(구. 경기도문화의전당),2024.07.17,2024.07.17,경기아트센터(구. 경기도문화의전당),true,100
"크라잉넛의 주크박스, 알랑가모르겄쑈",한양대학교 예술극장,2024.07.18,2024.07.21,한양대학교 노천극장,false,80
신비아파트 시즌6: 붉은 눈의 저주 [문경],문경문화예술회관,2024.06.29,2024.06.29,문경문화예술회관,true,100
반짝반짝 페리오 [영덕],예주문화예술회관,2024.07.19,2024.07.19,양주문화예술회관,false,88
알라딘과 요술램프 [서울 은평],은평문화예술회관,2024.07.09,2024.07.09,은평문화예술회관,true,100
인피니티 플라잉 (INFINITY FLYING) [경주],경주세계문화엑스포,2024.06.13,2024.08.31,경주세계문화엑스포,true,100
누가 내 머리에 똥 쌌어? [삼척],삼척문화예술회관,2024.07.13,2024.07.13,삼척문화예술회관,true,100
"두들팝 Ver.2, 폴리팝 [안성]",안성맞춤아트홀,2024.07.12,2024.07.13,안성맞춤아트홀,true,100
숲으로간 이그니스 마법학교 친구들 [제주],서귀포예술의전당,2024.07.13,2024.07.13,서귀포예술의전당,true,100
어린이 캣 [화성],화성아트홀,2024.07.13,2024.07.13,성산아트홀,false,80
인어공주 [부산 동래],동래문화회관,2024.07.07,2024.07.07,동래문화회관,true,100
"제18회 DIMF 공식초청작, 진격의 거인",대구문화예술회관,2024.06.28,2024.06.30,대구문화예술회관,true,100
목 짧은 기린 지피 [광주],예술의 전당 [광주] (구. 광주문화예술회관),2024.07.04,2024.07.04,예술의 전당 [광주] (구. 광주문화예술회관),true,100
구구 [김해],김해문화의전당,2024.07.06,2024.07.07,김해문화의전당,true,100
"제15회 대한민국 국공립극단 페스티벌, 가객 박인환 [경주]",경주예술의전당,2024.06.30,2024.06.30,경주예술의전당,true,100
시몬베드로,도림교회,2024.06.18,2024.07.16,도림교회,true,100
노트르담 드 파리 [안성],안성맞춤아트홀,2024.07.05,2024.07.06,안성맞춤아트홀,true,100
피터팬 [고양],현대백화점 문화홀 [킨텍스],2024.07.05,2024.07.07,현대백화점 문화홀 [대구],false,83
번개맨: 전설의 시작 [구미],구미시문화예술회관,2024.07.20,2024.07.21,구미시문화예술회관,true,100
디어 에반 핸슨 (Dear Evan Hansen) [부산],드림씨어터 [부산],2024.07.04,2024.07.21,드림씨어터 [부산],true,100
사의찬미 [대학로],링크아트센터,2024.07.02,2024.09.22,디큐브링크아트센터,false,80
캐치! 티니핑: 두근두근 싱어롱 콘서트! [제주],한라아트홀,2024.07.20,2024.07.21,한라아트홀,true,100
드리머스 [대구],대구학생문화센터,2024.07.06,2024.07.06,대구학생문화센터,true,100
고군산군도 선유도령 & 장자아씨 [군산],군산예술의전당,2024.07.11,2024.07.11,군산예술의전당,true,100
써니텐 [문경],문경문화예술회관,2024.06.14,2024.06.15,문경문화예술회관,true,100
깃털피리 [영주],영주문화예술회관,2024.06.22,2024.06.22,양주문화예술회관,false,88
정글북 [안동],안동시청 대동관(구. 안동시민회관),2024.07.21,2024.07.21,안동시청 대동관(구. 안동시민회관),true,100
인어공주 [대전],대전평송청소년문화센터,2024.07.20,2024.07.20,대전평송청소년문화센터,true,100
"예술의 전당 어린이 가족 페스티벌, 네모의 세상",예술의전당 [서울],2024.07.12,2024.07.21,예술의전당 [서울],true,100
베르사유의 장미,충무아트센터,2024.07.16,2024.10.13,충무아트센터,true,100
부산포 해전과 이순신의 바다 [부산],동래문화회관,2024.06.27,2024.06.28,동래문화회관,true,100
인피니티 플라잉 [인천],계양문화회관,2024.06.28,2024.06.29,양천문화회관,false,83
바다탐험대 옥토넛 시즌3: 바다넘어 육지까지 [전주],한국소리문화의전당,2024.07.13,2024.07.14,한국소리문화의전당,true,100
"제18회 DIMF 폐막작, 비천 [대구]",아양아트센터,2024.07.06,2024.07.07,아양아트센터,true,100
"제18회 DIMF 공식초청작, 미싱링크 [대구]",대구문화예술회관,2024.07.03,2024.07.07,대구문화예술회관,true,100
"제18회 DIMF 공식초청작, 애프터 라이프 [대구]",봉산문화회관,2024.07.05,2024.07.07,부산문화회관,false,83
"제18회 DIMF 폐막작, 싱잉 인 더 레인",대구오페라하우스,2024.07.04,2024.07.06,대구오페라하우스,true,100
경로당 폰팅사건 [칠곡],칠곡군교육문화회관,2024.06.20,2024.06.20,칠곡군교육문화회관,true,100
페인터즈 [영덕],예주문화예술회관,2024.06.08,2024.06.08,양주문화예술회관,false,88
겨울왕국: 겨울이야기 [삼척],삼척문화예술회관,2024.06.29,2024.06.29,삼척문화예술회관,true,100
노트르담 드 파리 [여수],예울마루,2024.07.12,2024.07.14,예울마루,true,100
신데렐라 [광주],광산문화예술회관,2024.07.13,2024.07.13,오산문화예술회관,false,88
"제18회 DIMF 창작지원작, 왕자대전 [대구]",대구오페라하우스,2024.06.28,2024.06.30,대구오페라하우스,true,100
"제18회 DIMF 공식초청작, 슬랩스틱: 스케르조 [대구]",수성아트피아,2024.06.28,2024.06.30,수성아트피아,true,100
우리 아빠가 최고야 [서울 미아],현대백화점 문화홀 [미아],2024.06.07,2024.06.16,현대백화점 문화홀 [대구],false,86
"제18회 DIMF 창작지원작, 반야귀담 [대구]",봉산문화회관,2024.06.21,2024.06.23,부산문화회관,false,83
"중구민을 위한 월요극장 6, 버지니아 울프",충무아트센터,2024.06.17,2024.06.17,충무아트센터,true,100
"제18회 DIMF 창작지원작, 민들레 피리",대구문화예술회관,2024.06.22,2024.06.23,대구문화예술회관,true,100
"제18회 DIMF 창작지원작, 모글리 [대구]",달서아트센터 (구. 웃는얼굴아트센터),2024.06.28,2024.06.30,달서아트센터 (구. 웃는얼굴아트센터),true,100
신데렐라 [목포],목포문화예술회관,2024.06.30,2024.06.30,군포문화예술회관,false,88
젠틀맨스 가이드: 사랑과 살인편,광림아트센터,2024.07.06,2024.10.20,광림아트센터,true,100
"제18회 DIMF 창작지원작, 페이지나 [대구]",봉산문화회관,2024.06.28,2024.06.30,부산문화회관,false,83
"제18회 DIMF 개막작, 홀리데이 [대구]",대구오페라하우스,2024.06.21,2024.06.23,대구오페라하우스,true,100
살리에르,세종문화회관,2024.07.11,2024.09.21,세종문화회관,true,100
"이상한 과자 가게 전천당: 천옥원, 소원과자 대결전 [창원]",3.15아트센터,2024.07.13,2024.07.14,3.15아트센터,true,100
4월은 너의 거짓말,예술의전당 [서울],2024.06.28,2024.08.25,예술의전당 [서울],true,100
심청날다,국립국악원,2024.05.31,2024.05.31,국립국악원,true,100
하데스타운 [서울],샤롯데씨어터,2024.07.12,2024.10.06,샤롯데씨어터,true,100
빵굽는 포포아저씨 [영주],영주문화예술회관,2024.05.25,2024.05.25,양주문화예술회관,false,88
청춘연가 [부산],동래문화회관,2024.06.22,2024.06.22,동래문화회관,true,100
급식걸즈: 뿌슝빠슝 깨져버린 우정 [안양],안양아트센터,2024.07.20,2024.07.21,안양아트센터,true,100
캐치! 티니핑: 두근두근 싱어롱 콘서트! [김천],김천시문화예술회관,2024.05.25,2024.05.25,김천시문화예술회관,true,100
"시크릿쥬쥬 시즌4, 별의보석: 소원을 말해봐! [서울]",유니버설아트센터,2024.07.13,2024.08.04,유니버설아트센터,true,100
가시나무 새 [춘천],춘천문화예술회관,2024.06.15,2024.06.15,사천문화예술회관,false,88
청춘연가 [영천],영천시민회관,2024.06.08,2024.06.08,과천시민회관,false,83
넌센스 [거제],거제문화예술회관,2024.06.29,2024.06.29,거제문화예술회관,true,100
청춘연가 [함양],함양문화예술회관,2024.06.01,2024.06.01,양주문화예술회관,false,88
가요톱텐 [청송],청송군문화예술회관,2024.05.23,2024.05.23,군포문화예술회관,false,82
수박수영장 [구미],구미시문화예술회관,2024.06.29,2024.06.30,구미시문화예술회관,true,100
스페이스 맨 [고양],고양아람누리,2024.05.22,2024.05.22,고양아람누리,true,100
"제6회 판놀음 별별창극, 이도 [남원]",국립민속국악원,2024.05.25,2024.05.25,국립국악원,false,83
왕자대전 [대전],대전시립연정국악원,2024.07.05,2024.07.07,대전시립연정국악원,true,100
우리 아빠가 최고야 [청주],청주예술의전당,2024.07.07,2024.07.07,청주예술의전당,true,100
피터팬 [대구],롯데백화점 문화홀 [대구],2024.07.06,2024.07.07,현대백화점 문화홀 [대구],false,86
페페의 꿈 [남양주],다산아트홀,2024.06.08,2024.06.08,성산아트홀,false,80
청춘연가 [의정부],의정부예술의전당,2024.06.29,2024.06.29,의정부예술의전당,true,100
우린 쓰레기가 싫어요 [제주 서귀포],서귀포예술의전당,2024.05.29,2024.05.29,서귀포예술의전당,true,100
유앤잇 [하남],하남문화예술회관,2024.06.22,2024.06.22,하남문화예술회관,true,100
빨래 [대학로],유니플렉스,2024.06.07,2024.12.29,유니플렉스,true,100
수박수영장 [익산],익산예술의전당,2024.06.22,2024.06.22,익산예술의전당,true,100
이블데드,유니플렉스,2024.06.20,2024.09.01,유니플렉스,true,100
무지개 물고기 [고양],고양어울림누리,2024.07.06,2024.07.07,고양어울림누리,true,100
달 샤베트 [전주],한국소리문화의전당,2024.06.14,2024.06.16,한국소리문화의전당,true,100
인어공주 [부산],성원아트홀,2024.05.26,2024.05.26,성산아트홀,false,80
가요톱텐 [안양],안양아트센터,2024.06.23,2024.06.23,안양아트센터,true,100
한글용사 아이야: 사라진 한글을 찾아라! [광주(앵콜)],예술의 전당 [광주] (구. 광주문화예술회관),2024.07.20,2024.07.21,예술의 전당 [광주] (구. 광주문화예술회관),true,100
우리에겐 [대전],한남대학교 성지관,2024.07.10,2024.07.12,한남대학교 성지관,true,100
넌어때 잘지내니 [대전] (5.2),대전평송청소년문화센터,2024.05.02,2024.05.02,대전평송청소년문화센터,true,100
넌어때 잘지내니 [대전] (5.3),대전평송청소년문화센터,2024.05.03,2024.05.03,대전평송청소년문화센터,true,100
프리즌 [대전 평송],대전평송청소년문화센터,2024.07.16,2024.11.28,대전평송청소년문화센터,true,100
가객 박인환 [춘천],춘천문화예술회관,2024.06.08,2024.06.08,사천문화예술회관,false,88
한글용사 아이야: 사라진 한글을 찾아라! [고양 (앵콜) ],고양어울림누리,2024.07.06,2024.07.07,고양어울림누리,true,100
가객 박인환 [동해],동해문화예술회관,2024.06.05,2024.06.05,동해문화예술회관,true,100
프리즌 [대전 평송],대전평송청소년문화센터,2024.04.17,2024.06.27,대전평송청소년문화센터,true,100
흥부와 놀부 [은평],은평문화예술회관,2024.06.15,2024.06.15,은평문화예술회관,true,100
카우보이블루스 [진주],경상남도문화예술회관,2024.06.06,2024.06.06,경상남도문화예술회관,true,100
원효와 요석 [경산],천마아트센터,2024.05.10,2024.05.11,천마아트센터,true,100
파가니니 [안동],안동문화예술의전당,2024.07.19,2024.07.20,안동문화예술의전당,true,100
"국립남도국악원 토요상설, 국악이 좋다: 토끼가 어떻게 생겼소?",국립남도국악원,2024.05.25,2024.05.25,국립국악원,false,83
프린세스 공주뮤지컬쇼 [당진],당진문예의전당,2024.06.22,2024.06.22,당진문예의전당,true,100
캐치! 티니핑: 두근두근 싱어롱 콘서트! [군산],군산예술의전당,2024.07.06,2024.07.07,군산예술의전당,true,100
장화신은 고양이 [광양],광양시문화예술회관,2024.07.20,2024.07.20,양주문화예술회관,false,82
"두들팝 Ver.2, 폴리팝 [오산]",오산문화예술회관,2024.06.15,2024.06.16,오산문화예술회관,true,100
차차차원이 다다른 차원,국립아시아문화전당,2024.06.21,2024.06.23,국립아시아문화전당,true,100
"이상한 과자가게 전천당: 천옥원, 소원과자 대결전 [영덕]",예주문화예술회관,2024.05.18,2024.05.19,양주문화예술회관,false,88
페치카 [성남],성남아트센터,2024.06.06,2024.06.06,성남아트센터,true,100
안녕? 빨강머리 앤 [제주],김정문화회관,2024.05.18,2024.05.18,금정문화회관,false,83
알사탕 [남양주],다산아트홀,2024.06.18,2024.06.20,성산아트홀,false,80
싯다르타 [서울],서울아트센터,2024.06.06,2024.06.28,서울아트센터,true,100
피터팬 [양산],양산문화예술회관,2024.06.01,2024.06.01,양주문화예술회관,false,88
달 샤베트 [광주],예술의 전당 [광주] (구. 광주문화예술회관),2024.07.06,2024.07.07,예술의 전당 [광주] (구. 광주문화예술회관),true,100
노트르담 드 파리 [수원],경기아트센터(구. 경기도문화의전당),2024.06.14,2024.06.16,경기아트센터(구. 경기도문화의전당),true,100
인어공주 [목포],목포문화예술회관,2024.06.16,2024.06.16,군포문화예술회관,false,88
노트르담 드 파리 [창원],성산아트홀,2024.06.21,2024.06.23,성산아트홀,true,100
노트르담 드 파리 [천안],천안예술의전당,2024.06.28,2024.06.30,천안예술의전당,true,100
라푼젤 [광주],예술의 전당 [광주] (구. 광주문화예술회관),2024.05.25,2024.05.25,예술의 전당 [광주] (구. 광주문화예술회관),true,100
노트르담 드 파리 [대전],대전예술의전당,2024.06.07,2024.06.09,대전예술의전당,true,100
가시나무 새 [동해],동해문화예술회관,2024.05.25,2024.05.25,동해문화예술회관,true,100
또봇: 대도시의 영웅들 [제주],한라아트홀,2024.07.13,2024.07.14,한라아트홀,true,100
"제51회 부산어린이날큰잔치 특별공연, 이벤져스 라이브",(재)영화의전당,2024.05.05,2024.05.05,(재)영화의전당,true,100
백설공주 [울산],울산문화예술회관,2024.06.09,2024.06.09,울산문화예술회관,true,100
피터팬 [대전],대전평송청소년문화센터,2024.07.13,2024.07.13,대전평송청소년문화센터,true,100
백설공주 [대전],대전평송청소년문화센터,2024.06.29,2024.06.29,대전평송청소년문화센터,true,100
미녀와 야수 [울산],울산문화예술회관,2024.06.06,2024.06.06,울산문화예술회관,true,100
알사탕 [대구],수성아트피아,2024.07.13,2024.07.14,수성아트피아,true,100
프린세스 공주뮤지컬쇼 [아산],아산시 평생학습관(여성회관 아산아트홀),2024.06.08,2024.06.08,아산시 평생학습관(여성회관 아산아트홀),true,100
인어공주 [강릉],강릉원주대학교 해람문화관,2024.06.22,2024.06.22,강릉원주대학교 해람문화관,true,100
가시나무 새 [태백],태백문화예술회관,2024.05.15,2024.05.15,태백문화예술회관,true,100
백설공주 [부산],안동시청 대동관(구. 안동시민회관),2024.06.15,2024.06.15,안동시청 대동관(구. 안동시민회관),true,100
뽀로로와 친구들의 드림콘서트: 잃어버린 꿈을 찾아서 [여수],예울마루,2024.06.29,2024.06.30,예울마루,true,100
다이노스터 공룡수호대: 퀀텀코어를 지켜라! [성주],성주문화예술회관,2024.05.25,2024.05.25,양주문화예술회관,false,88
"태백문화예술회관 기획공연, 뮤지컬 콘서트: 특별한 하루 [태백]",태백문화예술회관,2024.05.10,2024.05.10,태백문화예술회관,true,100
아기돼지삼형제: 늑대숲 또옹돼지 원정대 [고양],고양어울림누리,2024.05.05,2024.05.05,고양어울림누리,true,100
프랑켄슈타인,블루스퀘어,2024.06.05,2024.08.25,블루스퀘어,true,100
썬더 프롬 다운 언더,예스24 라이브홀 (구. 악스코리아),2024.06.28,2024.06.30,예스24 라이브홀 (구. 악스코리아),true,100
하늘을 난 라이트형제 시즌Ⅱ 오픈리허설,다산아트홀,2024.05.03,2024.05.03,성산아트홀,false,80
달님이 주신 아이 [삼척],삼척문화예술회관,2024.05.05,2024.05.05,삼척문화예술회관,true,100
인어공주 [서울 양천],양천문화회관,2024.06.22,2024.06.22,양천문화회관,true,100
백설공주 [안동],안동시청 대동관(구. 안동시민회관),2024.06.15,2024.06.15,안동시청 대동관(구. 안동시민회관),true,100
최고다 호기심딱지 시즌2: 빵빵 이야기 속으로 [춘천],강원대학교 백령아트센터,2024.07.06,2024.07.06,강원대학교 백령아트센터,true,100
청춘연가 [구리],구리아트홀,2024.05.18,2024.05.18,구리아트홀,true,100
미오 프라텔로: 1st TEAM [대학로],링크아트센터,2024.05.21,2024.08.11,디큐브링크아트센터,false,80
캐치! 티니핑: 두근두근 싱어롱 콘서트! [의정부],의정부예술의전당,2024.06.15,2024.06.16,의정부예술의전당,true,100
"야구왕, 마린스! [부산]",부산문화회관,2024.06.04,2024.06.09,부산문화회관,true,100
프린세스 스쿨 [구미],강동문화복지회관,2024.05.18,2024.05.18,강동문화복지회관,true,100
알라딘과 요술램프 [광주],예술의 전당 [광주] (구. 광주문화예술회관),2024.06.30,2024.06.30,예술의 전당 [광주] (구. 광주문화예술회관),true,100
신데렐라 [양산],양산문화예술회관,2024.06.15,2024.06.15,양주문화예술회관,false,88
EBS 친구들이 뭉쳤다! 이벤져스 라이브! [은평],은평문화예술회관,2024.05.11,2024.05.11,은평문화예술회관,true,100
콧구멍을 후비면 [서울 영등포],도림교회,2024.05.10,2024.05.10,도림교회,true,100
누가 내 머리에 똥 쌌어? [안산],안산문화예술의전당,2024.06.08,2024.06.09,안산문화예술의전당,true,100
알라딘과 요술램프 [청주],청주예술의전당,2024.07.13,2024.07.14,청주예술의전당,true,100
신데렐라 [밀양],밀양아리랑아트센터,2024.06.15,2024.06.15,밀양아리랑아트센터,true,100
코드네임X [천안],천안시청 봉서홀,2024.05.04,2024.05.04,천안시청 봉서홀,true,100
틀려도 괜찮아 [울산],울산문화예술회관,2024.06.22,2024.06.23,울산문화예술회관,true,100
프리즌 [대전 평송],대전평송청소년문화센터,2024.05.17,2024.05.17,대전평송청소년문화센터,true,100
하얀마음 하얀이 [대전],대전평송청소년문화센터,2024.05.21,2024.05.23,대전평송청소년문화센터,true,100
하늘을 난 라이트형제 시즌Ⅱ,다산아트홀,2024.05.04,2024.05.04,성산아트홀,false,80
붉은머리 안 [군포],군포문화예술회관,2024.06.28,2024.06.29,군포문화예술회관,true,100
알라딘과 요술램프 [서울 마포],마포아트센터,2024.06.29,2024.06.29,마포아트센터,true,100
아기돼지 삼형제 [고양],고양어울림누리,2024.05.05,2024.05.05,고양어울림누리,true,100
"키즈 페스타 in 포항, 장수탕 선녀님 [포항]",포항문화예술회관,2024.05.24,2024.05.25,포항문화예술회관,true,100
겨울왕국: 겨울이야기 [아산],아산시 평생학습관(여성회관 아산아트홀),2024.05.19,2024.05.19,아산시 평생학습관(여성회관 아산아트홀),true,100
신데렐라 [포천],포천반월아트홀,2024.06.08,2024.06.08,포천반월아트홀,true,100
수박수영장 [제주 서귀포],서귀포예술의전당,2024.05.04,2024.05.04,서귀포예술의전당,true,100
우리 아빠가 최고야 [광주],광산문화예술회관,2024.06.22,2024.06.22,오산문화예술회관,false,88
알사탕 [안산],안산문화예술의전당,2024.06.22,2024.06.23,안산문화예술의전당,true,100
붉은머리 안 [서울 강동],강동아트센터,2024.06.08,2024.06.09,강동아트센터,true,100
인피니티 플라잉 [대구],대구학생문화센터,2024.06.01,2024.06.01,대구학생문화센터,true,100
툴스 [밀양],밀양아리랑아트센터,2024.05.04,2024.05.04,밀양아리랑아트센터,true,100
"이상한 과자 가게 전천당: 천옥원, 소원과자 대결전 [고양]",고양어울림누리,2024.06.15,2024.06.16,고양어울림누리,true,100
웨스턴 스토리 [피크닉#2],유니플렉스,2024.05.08,2024.05.10,유니플렉스,true,100
알사탕 [태백],태백문화예술회관,2024.04.30,2024.04.30,태백문화예술회관,true,100
우리에겐 [대전],대전평송청소년문화센터,2024.05.08,2024.05.31,대전평송청소년문화센터,true,100
오즈의 마법사 [김해],남명아트홀,2024.05.04,2024.06.30,명보아트홀,false,80
슈퍼스타 뽀로로 드림콘서트 시즌2 [구리],구리아트홀,2024.06.22,2024.06.23,구리아트홀,true,100
난타 [남양주],다산아트홀,2024.04.23,2024.04.26,성산아트홀,false,80
캐리tv 러브콘서트: 타임캡슐 [수원],수원SK아트리움,2024.06.29,2024.06.30,수원SK아트리움,true,100
"낭독콘서트, 더 리더",국립극장,2024.05.03,2024.05.05,국립극장,true,100
신데렐라 [군포],군포문화예술회관,2024.05.04,2024.05.04,군포문화예술회관,true,100
캐리tv 러브콘서트: 타임캡슐 [대전],대전평송청소년문화센터,2024.06.22,2024.06.23,대전평송청소년문화센터,true,100
캐리tv 러브콘서트: 타임캡슐 [부산],KBS홀 [부산],2024.06.08,2024.06.09,KBS홀 [부산],true,100
"어린이공연 펀스티벌, 이상한 나라의 앨리스 [구리]",구리아트홀,2024.05.03,2024.05.04,구리아트홀,true,100
캐리tv 러브콘서트: 타임캡슐 [인천],부평아트센터,2024.07.13,2024.07.14,부평아트센터,true,100
캐리tv 러브콘서트: 타임캡슐 [고양],고양어울림누리,2024.06.01,2024.06.02,고양어울림누리,true,100
시카고 [서울],디큐브링크아트센터,2024.06.07,2024.09.29,디큐브링크아트센터,true,100
인어공주 [안동],안동시청 대동관(구. 안동시민회관),2024.05.18,2024.05.18,안동시청 대동관(구. 안동시민회관),true,100
노트르담 드 파리 [김해],김해문화의전당,2024.05.31,2024.06.02,김해문화의전당,true,100
노트르담 드 파리 [진주],경상남도문화예술회관,2024.05.17,2024.05.19,경상남도문화예술회관,true,100
노트르담 드 파리 [울산],울산문화예술회관,2024.05.24,2024.05.26,울산문화예술회관,true,100
정글북 [서울 송파],올림픽공원,2024.07.16,2024.08.25,올림픽공원,true,100
고양이 해결사 깜냥: 편의점을 환하게 밝혀라 [부산],동래문화회관,2024.06.08,2024.06.09,동래문화회관,true,100
알라딘과 요술램프 [강릉],강릉아트센터(구. 강릉문화예술관),2024.05.11,2024.05.12,강릉아트센터(구. 강릉문화예술관),true,100
꿈이 없어도 괜찮아 [수원],경기아트센터(구. 경기도문화의전당),2024.05.18,2024.05.18,경기아트센터(구. 경기도문화의전당),true,100
무지개 물고기 [목포],목포시민문화체육센터,2024.06.06,2024.06.06,목포시민문화체육센터,true,100
"대전시립연정국악원, 인피니티 플라잉 [대전]",대전시립연정국악원,2024.05.04,2024.05.05,대전시립연정국악원,true,100
"화요국악무대, 가족 힐링 콘서트 [대구]",대구문화예술회관,2024.05.07,2024.05.07,대구문화예술회관,true,100
EBS 친구들이 뭉쳤다! 이벤져스 라이브! [부산(앵콜)],(재)영화의전당,2024.05.06,2024.05.06,(재)영화의전당,true,100
벤자민 버튼,세종문화회관,2024.05.11,2024.06.30,세종문화회관,true,100
깃털피리 [울산],울산북구문화예술회관,2024.05.04,2024.05.04,울산문화예술회관,false,89
빨래 [울산],현대예술관,2024.07.12,2024.07.12,현대예술관,true,100
신데렐라 [순천],순천문화예술회관,2024.06.01,2024.06.01,순천문화예술회관,true,100
신비아파트 시즌6: 붉은 눈의 저주 [동해],동해문화예술회관,2024.05.10,2024.05.11,동해문화예술회관,true,100
한글용사 아이야: 사라진 한글을 찾아라! [청주],CJB미디어센터,2024.07.13,2024.07.14,CJB미디어센터,true,100
인어공주 [서울 천호],현대백화점 문화홀 [천호],2024.05.01,2024.05.06,현대백화점 문화홀 [대구],false,86
급식걸즈: 뿌슝빠슝 깨져버린 우정 [전주],한국소리문화의전당,2024.06.29,2024.06.30,한국소리문화의전당,true,100
넌 특별하단다 2회 [서귀포],서귀포예술의전당,2024.04.19,2024.04.19,서귀포예술의전당,true,100
넌 특별하단다 1회 [서귀포],서귀포예술의전당,2024.04.19,2024.04.19,서귀포예술의전당,true,100
넥스트 투 노멀,국립아시아문화전당,2024.05.25,2024.05.26,국립아시아문화전당,true,100
고고다이노: 고고킹의 귀환 [군포],군포문화예술회관,2024.06.22,2024.06.23,군포문화예술회관,true,100
인어공주 [과천],과천시민회관,2024.06.22,2024.06.22,과천시민회관,true,100
꼬마버스 타요: 용감한 구조대 레스큐 타요 [인천],계양문화회관,2024.06.22,2024.06.23,양천문화회관,false,83
고양이 해결사 깜냥: 편의점을 환하게 밝혀라 [부천],부천시민회관,2024.06.15,2024.06.16,부천시민회관,true,100
꼬마버스 타요: 용감한 구조대 레스큐 타요 [대구],아양아트센터,2024.06.08,2024.06.09,아양아트센터,true,100
고양이 해결사 깜냥: 편의점을 환하게 밝혀라 [안산],안산문화예술의전당,2024.06.29,2024.06.30,안산문화예술의전당,true,100
THE MARCH: 100인의 울림이 시작된다,롯데콘서트홀,2024.07.15,2024.07.15,롯데콘서트홀,true,100
청춘의 십자로 [대구],대구문화예술회관,2024.05.17,2024.05.17,대구문화예술회관,true,100
어린왕자 [대구],대구문화예술회관,2024.05.03,2024.05.05,대구문화예술회관,true,100
슈퍼스타 뽀로로 드림콘서트 시즌2 [창원],3.15아트센터,2024.06.08,2024.06.09,3.15아트센터,true,100
인피니티 플라잉 [문경],문경문화예술회관,2024.04.12,2024.04.13,문경문화예술회관,true,100
넌센스 [김제],김제문화예술회관,2024.04.12,2024.04.12,거제문화예술회관,false,88
넌센스 [양산],양산문화예술회관,2024.04.27,2024.04.27,양주문화예술회관,false,88
신데렐라 [김천],김천시립문화회관,2024.05.18,2024.05.18,김천시문화예술회관,false,82
"15주년 기념공연, 영웅",세종문화회관,2024.05.29,2024.08.11,세종문화회관,true,100
누가 내 머리에 똥 쌌어? [울산],울산북구문화예술회관,2024.06.29,2024.06.29,울산문화예술회관,false,89
홍지민 X 최정원 X 신영숙 뮤지컬 디바콘서트 [울산],울산문화예술회관,2024.04.30,2024.04.30,울산문화예술회관,true,100
최고다 호기심딱지: 딱지 원정대 [울산(앵콜)],현대예술관,2024.05.18,2024.05.18,현대예술관,true,100
스냅 [성주],성주문화예술회관,2024.05.04,2024.05.04,양주문화예술회관,false,88
섬: 1933~2019,국립정동극장,2024.05.22,2024.07.07,국립극장,false,80
시카고의 아이들,마포아트센터,2024.05.15,2024.05.19,마포아트센터,true,100
하늘을 나는 피터팬 [수원],경기아트센터(구. 경기도문화의전당),2024.05.15,2024.05.15,경기아트센터(구. 경기도문화의전당),true,100
난타 [광주],예술의 전당 [광주] (구. 광주문화예술회관),2024.05.11,2024.05.11,예술의 전당 [광주] (구. 광주문화예술회관),true,100
알라딘과 요술램프 [경주],경주예술의전당,2024.05.15,2024.05.15,경주예술의전당,true,100
마녀의 친구 만들기 대소동 [전주],한국소리문화의전당,2024.05.09,2024.05.09,한국소리문화의전당,true,100
알사탕 [청주],청주예술의전당,2024.06.15,2024.06.16,청주예술의전당,true,100
캐치! 티니핑: 두근두근 싱어롱 콘서트! [창원],3.15아트센터,2024.06.29,2024.06.30,3.15아트센터,true,100
인어공주 [안산],안산문화예술의전당,2024.06.01,2024.06.02,안산문화예술의전당,true,100
신비아파트 시즌6: 붉은 눈의 저주 [군포],군포문화예술회관,2024.06.08,2024.06.08,군포문화예술회관,true,100
무지개 물고기 [창원],성산아트홀,2024.06.22,2024.06.23,성산아트홀,true,100
고고다이노: 고고킹의 귀환 [울산],울산중구문화의전당,2024.06.01,2024.06.02,울산중구문화의전당,true,100
무지개 물고기 [구미],구미시문화예술회관,2024.06.15,2024.06.16,구미시문화예술회관,true,100
신데렐라 [대전],대전평송청소년문화센터,2024.06.22,2024.06.23,대전평송청소년문화센터,true,100
알라딘과 자스민공주 [경주],경주예술의전당,2024.05.15,2024.05.15,경주예술의전당,true,100
알라딘과 자스민공주 [강릉],강릉아트센터(구. 강릉문화예술관),2024.05.11,2024.05.12,강릉아트센터(구. 강릉문화예술관),true,100
백설공주 [제주 서귀포],서귀포예술의전당,2024.06.15,2024.06.16,서귀포예술의전당,true,100
무지개 물고기 [대구],달서아트센터 (구. 웃는얼굴아트센터),2024.06.08,2024.06.08,달서아트센터 (구. 웃는얼굴아트센터),true,100
틀려도 괜찮아 [대구],대구문화예술회관,2024.05.25,2024.05.26,대구문화예술회관,true,100
아기돼지 삼형제 [양천],양천문화회관,2024.06.30,2024.06.30,양천문화회관,true,100
사운드 오브 뮤직 [서울],현대백화점 문화홀 [미아],2024.04.17,2024.04.21,현대백화점 문화홀 [대구],false,86
천 개의 파랑,예술의전당 [서울],2024.05.12,2024.05.26,예술의전당 [서울],true,100
팬텀 오브 뮤지컬 [영천],영천시민회관,2024.04.21,2024.04.21,과천시민회관,false,83
한글용사 아이야: 사라진 한글을 찾아라! [제주],한라아트홀,2024.06.15,2024.06.16,한라아트홀,true,100
피터팬 [광주],5.18기념문화센터,2024.06.06,2024.06.06,5.18기념문화센터,true,100
썸데이 [여수],예울마루,2024.05.14,2024.05.19,예울마루,true,100
신데렐라 [성남],성남아트센터,2024.06.29,2024.06.29,성남아트센터,true,100
우리 엄마 최고! [성남],성남아트센터,2024.05.04,2024.05.05,성남아트센터,true,100
라푼젤 [구미],강동문화복지회관,2024.06.15,2024.06.15,강동문화복지회관,true,100
캐치! 티니핑: 두근두근 싱어롱 콘서트! [울산],KBS홀 [울산],2024.06.22,2024.06.23,KBS홀 [울산],true,100
달 샤베트 [용인],용인시문화예술회관,2024.06.01,2024.06.02,인천문화예술회관,false,82
"히즈쇼 뮤지컬 시즌2, 드림호 ARK의 비밀 [제주]",서귀포예술의전당,2024.05.25,2024.05.26,서귀포예술의전당,true,100
레인보우 버블젬: 흩어진 버블젬을 찾아라! [인천],인천중구문화회관,2024.06.22,2024.06.23,인천서구문화회관,false,88
슈퍼클로젯,성남아트센터,2024.05.11,2024.05.12,성남아트센터,true,100
에그박사: 연구소에서 생긴 일,코엑스,2024.05.05,2024.05.06,코엑스,true,100
에그박사: 연구소에서 생긴 일 [부산],벡스코 (BEXCO),2024.04.27,2024.04.28,벡스코 (BEXCO),true,100
에그박사: 연구소에서 생긴 일 [인천],부평아트센터,2024.07.06,2024.07.07,부평아트센터,true,100
"마포문화재단 가정의달 축제, 해피 메이: 명탐정 피트: 가자 우주로!",마포아트센터,2024.05.18,2024.05.19,마포아트센터,true,100
슈퍼스타 뽀로로 드림콘서트 시즌2 [안산],안산문화예술의전당,2024.07.13,2024.07.14,안산문화예술의전당,true,100
번개맨: 전설의 시작 [수원],경기아트센터(구. 경기도문화의전당),2024.06.08,2024.06.09,경기아트센터(구. 경기도문화의전당),true,100
마법천자문: 한자 마법 대모험! [부산],KBS홀 [부산],2024.05.11,2024.05.11,KBS홀 [부산],true,100
최고다 호기심딱지 시즌2: 빵빵 이야기 속으로 [인천],계양문화회관,2024.06.15,2024.06.16,양천문화회관,false,83
노트르담 드 파리 [광주],예술의 전당 [광주] (구. 광주문화예술회관),2024.05.03,2024.05.05,예술의 전당 [광주] (구. 광주문화예술회관),true,100
고고다이노: 고고킹의 귀환 [울주],울주문화예술회관,2024.04.20,2024.04.20,양주문화예술회관,false,88
장수탕 선녀님 [안산],안산문화예술의전당,2024.05.11,2024.05.12,안산문화예술의전당,true,100
레인보우 버블젬: 흩어진 버블젬을 찾아라! [울산],울산문화예술회관,2024.06.08,2024.06.09,울산문화예술회관,true,100
엄마까투리는 슈퍼맘 [제주],한라아트홀,2024.06.29,2024.06.30,한라아트홀,true,100
레인보우 버블젬: 흩어진 버블젬을 찾아라! [구미],강동문화복지회관,2024.06.01,2024.06.02,강동문화복지회관,true,100
장화신은 고양이 [아산],아산시 평생학습관(여성회관 아산아트홀),2024.04.28,2024.04.28,아산시 평생학습관(여성회관 아산아트홀),true,100
알사탕 [하남],하남문화예술회관,2024.05.11,2024.05.12,하남문화예술회관,true,100
로보카폴리: 잡아라! 황금트로피! [전주],전북대학교 삼성문화회관,2024.06.29,2024.06.30,전북대학교 삼성문화회관,true,100
슈퍼스타 뽀로로 드림콘서트 시즌2 [광주],5.18기념문화센터,2024.05.25,2024.05.26,5.18기념문화센터,true,100
로보카폴리: 잡아라! 황금트로피! [경주],경주예술의전당,2024.05.04,2024.05.05,경주예술의전당,true,100
라푼젤 [아산],아산시 평생학습관(여성회관 아산아트홀),2024.04.14,2024.04.14,아산시 평생학습관(여성회관 아산아트홀),true,100
알라딘 [대구],롯데백화점 문화홀 [대구],2024.05.25,2024.05.26,현대백화점 문화홀 [대구],false,86
버지니아 울프,충무아트센터,2024.04.23,2024.07.14,충무아트센터,true,100
책 속에 갇힌 고양이,명륜아트홀,2024.03.30,2024.08.31,명보아트홀,false,80
"마포문화재단 가정의달 축제, 해피 메이: 찰리 아저씨의 마술공장",마포아트센터,2024.05.04,2024.05.04,마포아트센터,true,100
"마포문화재단 가정의달 축제, 해피 메이: 이상한 나라의 앨리스",마포아트센터,2024.05.11,2024.05.12,마포아트센터,true,100
페인터즈 [경향아트힐],경향아트힐,2024.03.25,2024.08.31,경향아트힐,true,100
폴리팝 [여수],예울마루,2024.05.08,2024.05.12,예울마루,true,100
라푼젤 [부산 동래],동래문화회관,2024.05.18,2024.05.18,동래문화회관,true,100
"이상한 과자 가게 전천당: 천옥원, 소원과자 대결전 [부산]",KBS홀 [부산],2024.06.01,2024.06.02,KBS홀 [부산],true,100
달 샤베트 [인천],부평아트센터,2024.05.04,2024.05.05,부평아트센터,true,100
신비아파트 시즌6: 붉은 눈의 저주 [대전(앵콜)],우송예술회관,2024.06.01,2024.06.02,우송예술회관,true,100
사슴 코딱코의 재판 [안산],안산문화예술의전당,2024.06.27,2024.06.29,안산문화예술의전당,true,100
한글용사 아이야: 사라진 한글을 찾아라! [울산],KBS홀 [울산],2024.06.01,2024.06.02,KBS홀 [울산],true,100
슈퍼스타 뽀로로 드림콘서트 시즌2 [수원],경기아트센터(구. 경기도문화의전당),2024.07.06,2024.07.07,경기아트센터(구. 경기도문화의전당),true,100
슈퍼스타 뽀로로 드림콘서트 시즌2 [고양],고양어울림누리,2024.06.29,2024.06.30,고양어울림누리,true,100
마법여우 주비: 반딧불을 구하라 [충남 당진],당진문예의전당,2024.06.22,2024.06.22,당진문예의전당,true,100
하늘을 나는 피터팬 [세종],세종예술의전당,2024.04.13,2024.04.13,세종예술의전당,true,100
이상한 나라의 앨리스 [울산],울산북구문화예술회관,2024.05.25,2024.05.25,울산문화예술회관,false,89
송승환의 오리지널 난타 [창원],3.15아트센터,2024.06.15,2024.06.16,3.15아트센터,true,100
마법여우 주비: 반딧불을 구하라 [서울 강동],강동아트센터,2024.06.02,2024.06.02,강동아트센터,true,100
"어린이날 기념공연, 폴리팝 [세종]",세종예술의전당,2024.05.05,2024.05.05,세종예술의전당,true,100
"이상한 과자 가게 전천당: 천옥원, 소원과자 대결전 [청주]",청주예술의전당,2024.04.27,2024.04.28,청주예술의전당,true,100
에그박사: 연구소에서 생긴 일 [대구],엑스코(exco),2024.07.20,2024.07.21,엑스코(exco),true,100
누가 내 머리에 똥 쌌어? [용산],용산아트홀,2024.06.08,2024.06.09,용산아트홀,true,100
인어공주 [포항],포항문화예술회관,2024.04.28,2024.04.28,포항문화예술회관,true,100
노트르담 드 파리 [세종],세종예술의전당,2024.05.10,2024.05.12,세종예술의전당,true,100
에그박사: 연구소에서 생긴 일 [대전],대전평송청소년문화센터,2024.06.29,2024.06.30,대전평송청소년문화센터,true,100
장화신은 고양이 리오 [울산],현대예술관,2024.04.18,2024.04.20,현대예술관,true,100
에그박사: 연구소에서 생긴 일 [고양],고양어울림누리,2024.05.25,2024.05.26,고양어울림누리,true,100
에그박사: 연구소에서 생긴 일 [울산],KBS홀 [울산],2024.07.13,2024.07.14,KBS홀 [울산],true,100
에그박사: 연구소에서 생긴 일 [창원],KBS홀 [창원],2024.06.15,2024.06.16,KBS홀 [창원],true,100
에그박사: 연구소에서 생긴 일 [광주],조선대학교,2024.05.11,2024.05.12,조선대학교,true,100
레인보우 버블젬: 흩어진 버블젬을 찾아라! [창원],KBS홀 [창원],2024.05.04,2024.05.05,KBS홀 [창원],true,100
최고다 호기심딱지 시즌2: 빵빵 이야기 속으로 [당진],당진문예의전당,2024.06.29,2024.06.29,당진문예의전당,true,100
"히즈쇼 뮤지컬 시즌2, 드림호 ARK의 비밀 [대구]",아양아트센터,2024.05.11,2024.05.12,아양아트센터,true,100
프린세스 공주뮤지컬쇼 [강릉],강릉원주대학교 해람문화관,2024.04.27,2024.04.27,강릉원주대학교 해람문화관,true,100
친구의 전설 [하남],하남문화예술회관,2024.05.18,2024.05.19,하남문화예술회관,true,100
"대진대학교 연기예술학과, 자줏빛 여름",대진대학교,2024.03.15,2024.03.17,대진대학교,true,100
우리 아빠가 최고야 [군포],군포문화예술회관,2024.05.19,2024.05.19,군포문화예술회관,true,100
돼지책 [전주],한국소리문화의전당,2024.04.24,2024.04.26,한국소리문화의전당,true,100
엄마까투리는 슈퍼맘 [고양],고양어울림누리,2024.05.11,2024.05.12,고양어울림누리,true,100
마법여우 주비: 반딧불을 구하라 [대구],대구보건대 인당아트홀,2024.05.04,2024.05.05,대구보건대 인당아트홀,true,100
마법여우 주비: 반딧불을 구하라 [파주],파주시민회관,2024.04.27,2024.04.27,파주시민회관,true,100
"제3회 난타콘서트, 세상을 두드리다! [안산]",안산문화예술의전당,2024.03.16,2024.03.16,안산문화예술의전당,true,100
옹알스 히스토리 쇼 [의정부],의정부예술의전당,2024.04.20,2024.04.20,의정부예술의전당,true,100
"두들팝Ver.2, 폴리팝 [의정부]",의정부예술의전당,2024.04.30,2024.05.05,의정부예술의전당,true,100
인피니티 플라잉 [군포],군포문화예술회관,2024.05.11,2024.05.12,군포문화예술회관,true,100
라푼젤 [목포],목포문화예술회관,2024.05.05,2024.05.05,군포문화예술회관,false,88
"이상한 과자 가게 전천당: 천옥원, 소원과자 대결전 [안산]",안산문화예술의전당,2024.06.22,2024.06.23,안산문화예술의전당,true,100
"이상한 과자 가게 전천당: 천옥원, 소원과자 대결전 [수원]",수원SK아트리움,2024.05.25,2024.05.26,수원SK아트리움,true,100
마법여우 주비: 반딧불을 구하라 [부산],동래문화회관,2024.04.06,2024.04.07,동래문화회관,true,100
마법여우 주비: 반딧불을 구하라 [인천],인천중구문화회관,2024.05.18,2024.05.18,인천서구문화회관,false,88
노트르담 드 파리 [이천],이천아트홀,2024.04.26,2024.04.28,이천아트홀,true,100
백설공주 [군산],군산예술의전당,2024.05.04,2024.05.04,군산예술의전당,true,100
친정엄마 [부산],부산시민회관,2024.04.06,2024.04.07,부산시민회관,true,100
피터팬 [용인],용인시문화예술회관,2024.05.19,2024.05.19,인천문화예술회관,false,82
피터팬 [순천],순천문화예술회관,2024.04.14,2024.04.14,순천문화예술회관,true,100
"마포문화재단 가정의달 축제, 해피 메이: 이상한 과자가게 전천당: 천옥원, 소원과자 대결전",마포아트센터,2024.05.04,2024.05.06,마포아트센터,true,100
엄마까투리는 슈퍼맘 [목포],목포시민문화체육센터,2024.04.13,2024.04.14,목포시민문화체육센터,true,100
캐치! 티니핑: 두근두근 싱어롱 콘서트! [당진],당진문예의전당,2024.06.01,2024.06.02,당진문예의전당,true,100
마리 퀴리 [김해],김해문화의전당,2024.05.11,2024.05.12,김해문화의전당,true,100
친정엄마 [대구],수성아트피아,2024.04.12,2024.04.13,수성아트피아,true,100
슈퍼스타 뽀로로 드림콘서트 시즌2 [과천],과천시민회관,2024.06.14,2024.06.15,과천시민회관,true,100
두들팝 [화성],반석아트홀(동탄복합문화센터),2024.05.05,2024.05.05,반석아트홀(동탄복합문화센터),true,100
캐치! 티니핑: 두근두근 싱어롱 콘서트! [경산],천마아트센터,2024.04.27,2024.04.28,천마아트센터,true,100
마법천자문: 한자 마법 대모험! [대구],엑스코(exco),2024.05.04,2024.05.05,엑스코(exco),true,100
엄마까투리는 슈퍼맘 [대전],대전평송청소년문화센터,2024.05.18,2024.05.19,대전평송청소년문화센터,true,100
슈퍼 히어로의 똥 닦는 법 [서울 미아],현대백화점 문화홀 [미아],2024.03.22,2024.03.30,현대백화점 문화홀 [대구],false,86
오병이어,광야아트센터,2024.03.16,2024.06.29,광림아트센터,false,83
또봇: 대도시의 영웅들 [안양],안양아트센터,2024.06.29,2024.06.30,안양아트센터,true,100
캐치! 티니핑: 두근두근 싱어롱 콘서트! [청주],청주예술의전당,2024.05.18,2024.05.19,청주예술의전당,true,100
또봇: 대도시의 영웅들 [창원],KBS홀 [창원],2024.05.18,2024.05.19,KBS홀 [창원],true,100
또봇: 대도시의 영웅들 [부산],소향씨어터,2024.05.11,2024.05.12,소향씨어터,true,100
넌센스 [창원],성산아트홀,2024.04.20,2024.04.20,성산아트홀,true,100
한글용사 아이야: 사라진 한글을 찾아라! [대구(앵콜)],엑스코(exco),2024.06.08,2024.06.09,엑스코(exco),true,100
인어공주 [고양],고양어울림누리,2024.05.04,2024.05.04,고양어울림누리,true,100
또봇: 대도시의 영웅들 [광주],조선대학교,2024.06.15,2024.06.16,조선대학교,true,100
최고다 호기심딱지 시즌2: 빵빵 이야기 속으로 [이천],이천아트홀,2024.06.01,2024.06.01,이천아트홀,true,100
"히즈쇼 뮤지컬 시즌2, 드림호 ARK의 비밀 [통영]",통영시민문화회관,2024.04.27,2024.04.28,통영시민문화회관,true,100
인피니티 플라잉 [경주],경주세계문화엑스포,2024.03.23,2024.11.30,경주세계문화엑스포,true,100
최고다 호기심딱지 시즌2: 빵빵 이야기 속으로 [대구],아양아트센터,2024.05.04,2024.05.05,아양아트센터,true,100
핑크퐁과 아기상어의 무지개 구출 작전,올림픽공원,2024.05.01,2024.08.25,올림픽공원,true,100
캐치! 티니핑: 두근두근 싱어롱 콘서트! [대전],우송예술회관,2024.05.11,2024.05.12,우송예술회관,true,100
캐치! 티니핑: 두근두근 싱어롱 콘서트! [광주],예술의 전당 [광주] (구. 광주문화예술회관),2024.04.06,2024.04.07,예술의 전당 [광주] (구. 광주문화예술회관),true,100
장수탕 선녀님 [고양],고양어울림누리,2024.04.27,2024.04.28,고양어울림누리,true,100
고고다이노: 고고킹의 귀환 [부천],부천시민회관,2024.05.11,2024.05.12,부천시민회관,true,100
인피니티 플라잉 [성주],성주문화예술회관,2024.03.30,2024.03.30,양주문화예술회관,false,88
꼬마버스 타요: 용감한 구조대 레스큐 타요 [구미],강동문화복지회관,2024.05.04,2024.05.05,강동문화복지회관,true,100
싯다르타 [울산],현대예술관,2024.04.05,2024.04.07,현대예술관,true,100
스쿨 오브 락 월드투어 [부산],드림씨어터 [부산],2024.04.02,2024.04.14,드림씨어터 [부산],true,100
무지개 물고기 [대전],대전평송청소년문화센터,2024.05.25,2024.05.26,대전평송청소년문화센터,true,100
어린이 캣 프렌즈 [대전],대전평송청소년문화센터,2024.05.04,2024.05.05,대전평송청소년문화센터,true,100
최고다 호기심딱지: 딱지 원정대 [김해(앵콜)],김해문화의전당,2024.05.25,2024.05.26,김해문화의전당,true,100
무지개 물고기 [남양주],다산아트홀,2024.05.18,2024.05.19,성산아트홀,false,80
"히즈쇼 뮤지컬 시즌2, 드림호 ARK의 비밀 [목포]",목포시민문화체육센터,2024.03.30,2024.03.31,목포시민문화체육센터,true,100
한글용사 아이야: 사라진 한글을 찾아라! [안양],안양아트센터,2024.05.11,2024.05.12,안양아트센터,true,100
일 테노레 [블루스퀘어],블루스퀘어,2024.03.29,2024.05.19,블루스퀘어,true,100
슈퍼스타 뽀로로 드림콘서트 시즌2 [안성],안성맞춤아트홀,2024.05.04,2024.05.05,안성맞춤아트홀,true,100
번개맨: 전설의 시작 [대전(앵콜)],우송예술회관,2024.04.27,2024.04.28,우송예술회관,true,100
우리 아빠가 최고야 [고양],고양어울림누리,2024.04.20,2024.04.21,고양어울림누리,true,100
프린세스 공주뮤지컬쇼 [대전],대전평송청소년문화센터,2024.04.13,2024.04.13,대전평송청소년문화센터,true,100
프린세스 공주뮤지컬쇼 [청주],청주예술의전당,2024.04.14,2024.04.14,청주예술의전당,true,100
신비아파트 시즌6: 붉은 눈의 저주 [광주(앵콜)],예술의 전당 [광주] (구. 광주문화예술회관),2024.06.22,2024.06.23,예술의 전당 [광주] (구. 광주문화예술회관),true,100
번개맨: 전설의 시작 [인천(앵콜)],인천중구문화회관,2024.05.11,2024.05.12,인천서구문화회관,false,88
옥주현 and Friends 뮤지컬 콘서트 [구리],구리아트홀,2024.03.16,2024.03.16,구리아트홀,true,100
난타 [전주],한국소리문화의전당,2024.04.19,2024.04.20,한국소리문화의전당,true,100
고양이 해결사 깜냥: 편의점을 환하게 밝혀라 [창원],성산아트홀,2024.05.04,2024.05.05,성산아트홀,true,100
한글용사 아이야: 사라진 한글을 찾아라! [부산(앵콜)],부산시민회관,2024.06.29,2024.06.30,부산시민회관,true,100
한글용사 아이야: 사라진 한글을 찾아라! [용인],용인포은아트홀,2024.04.27,2024.04.28,용인포은아트홀,true,100
엄마까투리는 슈퍼맘 [춘천],춘천문화예술회관,2024.03.30,2024.03.31,사천문화예술회관,false,88
레인보우 버블젬: 흩어진 버블젬을 찾아라! [용산],용산아트홀,2024.04.20,2024.04.21,용산아트홀,true,100
아기돼지 삼형제 [광주],광산문화예술회관,2024.04.27,2024.04.27,오산문화예술회관,false,88
피에타,예술의전당 [서울],2024.03.14,2024.03.24,예술의전당 [서울],true,100
미녀와 야수 [경기 광주],남한산성아트홀,2024.04.06,2024.04.06,남한산성아트홀,true,100
"헬로카봇 시즌7, 웰컴 투 파라다이스 [이천]",이천아트홀,2024.04.20,2024.04.20,이천아트홀,true,100
인피니티 플라잉 [경주],경주예술의전당,2024.03.16,2024.03.16,경주예술의전당,true,100
"ACC 수요극장, 우리는 친구다",국립아시아문화전당,2024.03.06,2024.03.06,국립아시아문화전당,true,100
알사탕 [진주],경상남도문화예술회관,2024.05.03,2024.05.05,경상남도문화예술회관,true,100
친구의 전설 [대구],봉산문화회관,2024.04.27,2024.04.28,부산문화회관,false,83
친구의 전설 [광주],5.18기념문화센터,2024.06.01,2024.06.02,5.18기념문화센터,true,100
프린세스 [대전],대전평송청소년문화센터,2024.04.13,2024.04.13,대전평송청소년문화센터,true,100
친구의 전설 [고양],고양어울림누리,2024.06.21,2024.06.30,고양어울림누리,true,100
신데렐라 [강릉],강릉아트센터(구. 강릉문화예술관),2024.04.06,2024.04.06,강릉아트센터(구. 강릉문화예술관),true,100
한글용사 아이야: 사라진 한글을 찾아라! [고양],고양어울림누리,2024.04.20,2024.04.21,고양어울림누리,true,100
달 샤베트 [창원],성산아트홀,2024.06.08,2024.06.09,성산아트홀,true,100
친구의 전설 [용인],용인시문화예술회관,2024.05.11,2024.05.12,인천문화예술회관,false,82
달 샤베트 [대구],아양아트센터,2024.05.18,2024.05.19,아양아트센터,true,100
캐치! 티니핑: 두근두근 싱어롱 콘서트! [성남],성남아트센터,2024.05.04,2024.05.05,성남아트센터,true,100
피터와 늑대 [아산],아산시 평생학습관(여성회관 아산아트홀),2024.03.10,2024.03.10,아산시 평생학습관(여성회관 아산아트홀),true,100
프린세스 공주뮤지컬쇼 [울산],울산문화예술회관,2024.04.06,2024.04.07,울산문화예술회관,true,100
"헬로카봇 시즌7, 웰컴 투 파라다이스 [창원]",3.15아트센터,2024.04.13,2024.04.14,3.15아트센터,true,100
"중구민을 위한 월요극장 5, 이솝이야기",충무아트센터,2024.03.04,2024.03.04,충무아트센터,true,100
최고다 호기심딱지 시즌2: 빵빵 이야기 속으로 [순천],순천문화예술회관,2024.05.11,2024.05.11,순천문화예술회관,true,100
라푼젤 [울산],울산북구문화예술회관,2024.04.20,2024.04.20,울산문화예술회관,false,89
EBS 친구들이 뭉쳤다! 이벤져스 라이브! [춘천],춘천문화예술회관,2024.05.25,2024.05.26,사천문화예술회관,false,88
마고할망이 들려주는 자청비 이야기,김정문화회관,2024.03.09,2024.03.09,금정문화회관,false,83
EBS 친구들이 뭉쳤다! 이벤져스 라이브! [수원],경기아트센터(구. 경기도문화의전당),2024.04.13,2024.04.14,경기아트센터(구. 경기도문화의전당),true,100
누가 내 머리에 똥 쌌어? [성남],성남아트센터,2024.04.10,2024.04.10,성남아트센터,true,100
꼬마버스 타요: 용감한 구조대 레스큐 타요 [대전],대전평송청소년문화센터,2024.04.27,2024.04.28,대전평송청소년문화센터,true,100
미스트 [대학로],링크아트센터,2024.03.12,2024.06.02,디큐브링크아트센터,false,80
웨스턴 스토리 [대학로],유니플렉스,2024.03.13,2024.06.09,유니플렉스,true,100
"ACC 퍼니, 빨래 [광주]",국립아시아문화전당,2024.03.22,2024.03.24,국립아시아문화전당,true,100
파워레인저 다이노포스: 새로운 세계 [대전],대전평송청소년문화센터,2024.04.20,2024.04.21,대전평송청소년문화센터,true,100
"쥬크박스 뮤지컬, 노민호와 주리애 [김천]",김천시문화예술회관,2024.02.23,2024.02.23,김천시문화예술회관,true,100
우리 아빠가 최고야 [울산],울산북구문화예술회관,2024.04.13,2024.04.13,울산문화예술회관,false,89
꼬마버스 타요: 용감한 구조대 레스큐 타요 [부천],부천시민회관,2024.04.13,2024.04.14,부천시민회관,true,100
파워레인저 다이노포스: 새로운 세계 [대구],아양아트센터,2024.04.13,2024.04.14,아양아트센터,true,100
가요톱텐 [안성],안성맞춤아트홀,2024.03.22,2024.03.22,안성맞춤아트홀,true,100
번개맨: 전설의 시작 [제주],한라아트홀,2024.05.18,2024.05.19,한라아트홀,true,100
아기돼지 삼형제 [광주],예술의 전당 [광주] (구. 광주문화예술회관),2024.03.16,2024.03.16,예술의 전당 [광주] (구. 광주문화예술회관),true,100
오즈의 마법사 [강릉],강릉아트센터(구. 강릉문화예술관),2024.03.09,2024.03.09,강릉아트센터(구. 강릉문화예술관),true,100
프린세스 [청주],청주예술의전당,2024.04.14,2024.04.14,청주예술의전당,true,100
겨울왕국: 겨울이야기 [순천],순천문화예술회관,2024.03.01,2024.03.01,순천문화예술회관,true,100
파워레인저 다이노포스: 새로운 세계 [부천],부천시민회관,2024.06.29,2024.06.30,부천시민회관,true,100
고양이 해결사 깜냥: 편의점을 환하게 밝혀라 [용인],용인시문화예술회관,2024.04.06,2024.04.07,인천문화예술회관,false,82
무지개 물고기 [아산],아산시 평생학습관(여성회관 아산아트홀),2024.03.30,2024.03.30,아산시 평생학습관(여성회관 아산아트홀),true,100
겨울왕국: 겨울이야기 [부천],부천시민회관,2024.04.10,2024.04.10,부천시민회관,true,100
헤어드레서 [제주],제주아트센터,2024.03.01,2024.03.01,제주아트센터,true,100
장수탕 선녀님 [안성],안성맞춤아트홀,2024.04.13,2024.04.14,안성맞춤아트홀,true,100
무지개 물고기 [서울 용산],용산아트홀,2024.06.29,2024.06.30,용산아트홀,true,100
장수탕 선녀님 [경기 광주],남한산성아트홀,2024.05.04,2024.05.05,남한산성아트홀,true,100
"11시&브런치, Vol.1 이지혜X김성식 뮤지컬 콘서트 [구리]",구리아트홀,2024.02.28,2024.02.28,구리아트홀,true,100
이상한 나라의 앨리스 [대전],대전평송청소년문화센터,2024.04.13,2024.04.14,대전평송청소년문화센터,true,100
"이상한 과자가게 전천당: 천옥원, 소원과자 대결전 [전주]",한국소리문화의전당,2024.04.13,2024.04.14,한국소리문화의전당,true,100
한글용사 아이야: 사라진 한글을 찾아라! [안산],안산문화예술의전당,2024.05.04,2024.05.05,안산문화예술의전당,true,100
드라큘라 [부산],부산문화회관,2024.04.02,2024.04.07,부산문화회관,true,100
노트르담 드 파리 [대구],계명아트센터,2024.04.12,2024.04.21,계명아트센터,true,100
파워레인저 다이노포스: 새로운 세계 [고양],고양어울림누리,2024.05.04,2024.05.05,고양어울림누리,true,100
라푼젤 [사천],사천문화예술회관,2024.04.06,2024.04.06,사천문화예술회관,true,100
노트르담 드 파리 [부산],소향씨어터,2024.03.29,2024.04.07,소향씨어터,true,100
최고다 호기심딱지 시즌2: 빵빵 이야기 속으로 [창원],성산아트홀,2024.04.06,2024.04.07,성산아트홀,true,100
최고다 호기심딱지 시즌2: 빵빵 이야기 속으로 [대전],우송예술회관,2024.04.13,2024.04.14,우송예술회관,true,100
"부산시립합창단, 피노키오와 파란마녀",부산문화회관,2024.05.03,2024.05.04,부산문화회관,true,100
아기돼지 삼형제 [군포],군포문화예술회관,2024.04.06,2024.04.07,군포문화예술회관,true,100
드라큘라 [대전],대전예술의전당,2024.03.20,2024.03.24,대전예술의전당,true,100
장화신은 고양이 [안동],안동시청 대동관(구. 안동시민회관),2024.04.27,2024.04.27,안동시청 대동관(구. 안동시민회관),true,100
"10주년 기념공연, 레베카 [울산(앵콜)]",울산문화예술회관,2024.04.13,2024.04.14,울산문화예술회관,true,100
골든마스크: 팔공산 오딧세이 ep.1 [대구],아양아트센터,2024.02.29,2024.03.01,아양아트센터,true,100
신데렐라 [구미],강동문화복지회관,2024.03.02,2024.03.02,강동문화복지회관,true,100
콧구멍을 후비면 [광주],광산문화예술회관,2024.03.30,2024.03.30,오산문화예술회관,false,88
그레이트 코멧,유니버설아트센터,2024.03.26,2024.06.16,유니버설아트센터,true,100
책 먹는 여우 [안양],안양아트센터,2024.05.15,2024.05.15,안양아트센터,true,100
인어공주 [양산],양산문화예술회관,2024.03.10,2024.03.10,양주문화예술회관,false,88
프린세스 공주뮤지컬쇼 [안동],안동시청 대동관(구. 안동시민회관),2024.03.23,2024.03.23,안동시청 대동관(구. 안동시민회관),true,100
엄마까투리는 슈퍼맘 [양산],양산문화예술회관,2024.04.06,2024.04.07,양주문화예술회관,false,88
고고다이노: 고고킹의 귀환 [안산],안산문화예술의전당,2024.04.06,2024.04.07,안산문화예술의전당,true,100
EBS 친구들이 뭉쳤다! 이벤져스 라이브! [이천],이천아트홀,2024.03.02,2024.03.02,이천아트홀,true,100
라푼젤 [제주 서귀포],서귀포예술의전당,2024.03.23,2024.03.24,서귀포예술의전당,true,100
마리 퀴리 [안동],안동문화예술의전당,2024.03.16,2024.03.17,안동문화예술의전당,true,100
급식걸즈: 뿌슝빠슝 깨져버린 우정 [제주],서귀포예술의전당,2024.05.11,2024.05.12,서귀포예술의전당,true,100
꼬마버스 타요: 용감한 구조대 레스큐 타요 [부산],KBS홀 [부산],2024.05.25,2024.05.26,KBS홀 [부산],true,100
"10주년 기념공연, 레베카 [전주(앵콜)]",한국소리문화의전당,2024.04.06,2024.04.07,한국소리문화의전당,true,100
백설공주 [부천],부천시민회관,2024.03.24,2024.03.24,부천시민회관,true,100
"10주년 기념공연, 레베카 [창원(앵콜)]",성산아트홀,2024.03.30,2024.03.31,성산아트홀,true,100
오병이어,광야아트센터,2024.02.22,2024.02.23,광림아트센터,false,83
프린세스 공주뮤지컬쇼 [포항],포항문화예술회관,2024.03.16,2024.03.16,포항문화예술회관,true,100
인어공주 [울산],울산문화예술회관,2024.03.17,2024.03.17,울산문화예술회관,true,100
우리 아빠가 최고야 [남양주],다산아트홀,2024.03.23,2024.03.23,성산아트홀,false,80
헤드윅,샤롯데씨어터,2024.03.22,2024.06.23,샤롯데씨어터,true,100
라푼젤 [김천],김천시립문화회관,2024.03.09,2024.03.09,김천시문화예술회관,false,82
백설공주 [강릉],강릉원주대학교 해람문화관,2024.03.16,2024.03.16,강릉원주대학교 해람문화관,true,100
"다이노스터 공룡수호대, 퀀텀코어를 지켜라 [인천]",계양문화회관,2024.03.30,2024.03.31,양천문화회관,false,83
고고다이노: 고고킹의 귀환 [대전],대전평송청소년문화센터,2024.03.30,2024.03.31,대전평송청소년문화센터,true,100
프린세스 [포항],포항문화예술회관,2024.03.16,2024.03.17,포항문화예술회관,true,100
신데렐라 [안산],안산문화예술의전당,2024.03.30,2024.03.31,안산문화예술의전당,true,100
백설공주 [목포],목포문화예술회관,2024.04.20,2024.04.20,군포문화예술회관,false,88
JUMP 점프 [부산],KBS홀 [부산],2024.05.04,2024.05.05,KBS홀 [부산],true,100
돼지책 [고양],고양어울림누리,2024.03.30,2024.03.30,고양어울림누리,true,100
백설공주 [당진],당진문예의전당,2024.04.13,2024.04.13,당진문예의전당,true,100
슈퍼스타 뽀로로 드림콘서트 시즌2 [용인],용인포은아트홀,2024.03.30,2024.03.31,용인포은아트홀,true,100
마리 퀴리 [광주],예술의 전당 [광주] (구. 광주문화예술회관),2024.03.02,2024.03.03,예술의 전당 [광주] (구. 광주문화예술회관),true,100
파워레인저 다이노포스: 새로운 세계 [제주],서귀포예술의전당,2024.03.30,2024.03.31,서귀포예술의전당,true,100
알라딘과 자스민공주 [대전],충남대학교 정심화국제문화회관,2024.04.21,2024.04.21,충남대학교 정심화국제문화회관,true,100
당신만이 추가공연 [문경],문경문화예술회관,2024.02.03,2024.02.03,문경문화예술회관,true,100
급식걸즈: 뿌슝빠슝 깨져버린 우정 [인천],부평아트센터,2024.04.06,2024.04.07,부평아트센터,true,100
공룡이 살아있다 [수원],경기아트센터(구. 경기도문화의전당),2024.05.18,2024.05.19,경기아트센터(구. 경기도문화의전당),true,100
디어 에반 핸슨 (Dear Evan Hansen),충무아트센터,2024.03.28,2024.06.23,충무아트센터,true,100
"제9기 포항시립연극단 어린이뮤지컬아카데미 특별공연, 연습학교",포항문화예술회관,2024.02.23,2024.02.25,포항문화예술회관,true,100
고고다이노: 고고킹의 귀환 [용인],용인시문화예술회관,2024.03.23,2024.03.24,인천문화예술회관,false,82
"10주년 기념공연, 레베카 [광주(앵콜)]",예술의 전당 [광주] (구. 광주문화예술회관),2024.03.23,2024.03.24,예술의 전당 [광주] (구. 광주문화예술회관),true,100
"DJAC 기획공연, 민우혁 X 정선아: 우아한 뮤지컬",대전예술의전당,2024.05.24,2024.05.24,대전예술의전당,true,100
"10주년 기념공연, 레베카 [성남(앵콜)]",성남아트센터,2024.03.16,2024.03.17,성남아트센터,true,100
당신만이 [문경],문경문화예술회관,2024.02.02,2024.02.03,문경문화예술회관,true,100
싯다르타 [광주],예술의 전당 [광주] (구. 광주문화예술회관),2024.03.08,2024.03.10,예술의 전당 [광주] (구. 광주문화예술회관),true,100
헬로카봇 시즌7: 웰컴 투 파라다이스 [울산],현대예술관,2024.03.02,2024.03.03,현대예술관,true,100
당신이 좋아 [김해],김해문화의전당,2024.03.07,2024.03.16,김해문화의전당,true,100
"헬로카봇 시즌7, 웰컴 투 파라다이스 [여수]",예울마루,2024.03.23,2024.03.24,예울마루,true,100
"헬로카봇 시즌7, 웰컴 투 파라다이스 [청주]",청주예술의전당,2024.04.06,2024.04.07,청주예술의전당,true,100
다윈 영의 악의 기원,예술의전당 [서울],2024.03.08,2024.03.24,예술의전당 [서울],true,100
캐치! 티니핑: 두근두근 싱어롱 콘서트! [안양],안양아트센터,2024.04.13,2024.04.14,안양아트센터,true,100
겨울왕국: 겨울이야기 [고양],고양어울림누리,2024.02.24,2024.02.25,고양어울림누리,true,100
캐치! 티니핑: 두근두근 싱어롱 콘서트! [부산],부산시민회관,2024.04.20,2024.04.21,부산시민회관,true,100
"10주년 기념공연, 레베카 [부산(앵콜)]",드림씨어터 [부산],2024.03.02,2024.03.10,드림씨어터 [부산],true,100
꼬마버스 타요: 용감한 구조대 레스큐 타요 [용산],용산아트홀,2024.04.06,2024.04.07,용산아트홀,true,100
장화신은 고양이 [목포],목포시민문화체육센터,2024.03.23,2024.03.23,목포시민문화체육센터,true,100
로보카폴리: 잡아라! 황금트로피! [용인],용인시문화예술회관,2024.04.13,2024.04.14,인천문화예술회관,false,82
아기돼지 삼형제 [성남],성남아트센터,2024.02.17,2024.02.17,성남아트센터,true,100
로보카폴리: 잡아라! 황금트로피! [안양],안양아트센터,2024.04.20,2024.04.21,안양아트센터,true,100
번개맨: 전설의 시작 [고양(앵콜)],고양어울림누리,2024.03.23,2024.03.24,고양어울림누리,true,100
피터팬,현대백화점 문화홀 [미아],2024.02.21,2024.02.25,현대백화점 문화홀 [대구],false,86
한글용사 아이야: 사라진 한글을 찾아라! [전주],전북대학교 삼성문화회관,2024.06.22,2024.06.23,전북대학교 삼성문화회관,true,100
넥스트 투 노멀,광림아트센터,2024.03.05,2024.05.19,광림아트센터,true,100
신비아파트 시즌6: 붉은 눈의 저주 [창원],성산아트홀,2024.05.18,2024.05.19,성산아트홀,true,100
이솝이야기,충무아트센터,2024.02.16,2024.04.14,충무아트센터,true,100
무지개 물고기 [부천],부천시민회관,2024.05.15,2024.05.15,부천시민회관,true,100
공룡이 살아있다 [대전],우송예술회관,2024.05.04,2024.05.05,우송예술회관,true,100
피터팬 [울산],울산북구문화예술회관,2024.03.09,2024.03.09,울산문화예술회관,false,89
신비아파트 시즌6: 붉은 눈의 저주 [부산(앵콜)],KBS홀 [부산],2024.04.13,2024.04.14,KBS홀 [부산],true,100
신데렐라 [전주],한국소리문화의전당,2024.02.17,2024.02.17,한국소리문화의전당,true,100
백설공주 [제주],제주아트센터,2024.02.17,2024.02.17,제주아트센터,true,100
EBS 친구들이 뭉쳤다! 이벤져스 라이브! [부산],부산시민회관,2024.03.23,2024.03.24,부산시민회관,true,100
우리 아빠가 최고야 [당진],당진문예의전당,2024.03.09,2024.03.09,당진문예의전당,true,100
고고다이노: 고고킹의 귀환 [성남],성남아트센터,2024.03.09,2024.03.10,성남아트센터,true,100
고고다이노: 고고킹의 귀환 [부산],동래문화회관,2024.03.16,2024.03.17,동래문화회관,true,100
엄마까투리는 슈퍼맘 [광주],예술의 전당 [광주] (구. 광주문화예술회관),2024.03.02,2024.03.03,예술의 전당 [광주] (구. 광주문화예술회관),true,100
슈퍼스타 뽀로로 드림콘서트 시즌2 [강릉],강릉원주대학교 해람문화관,2024.04.13,2024.04.13,강릉원주대학교 해람문화관,true,100
겨울왕국: 겨울이야기 [양산],양산문화예술회관,2024.02.18,2024.02.18,양주문화예술회관,false,88
레미제라블 [대구],계명아트센터,2024.03.21,2024.04.07,계명아트센터,true,100
WONDERLAND THEATRE,경희대학교 평화의전당,2024.01.27,2024.01.28,경희대학교 평화의전당,true,100
마법천자문: 한자 마법 대모험! [고양],고양어울림누리,2024.03.16,2024.03.17,고양어울림누리,true,100
캐치! 티니핑: 두근두근 싱어롱 콘서트! [수원],경기아트센터(구. 경기도문화의전당),2024.03.23,2024.03.24,경기아트센터(구. 경기도문화의전당),true,100
프린세스 스쿨 [진주],경상남도문화예술회관,2024.03.30,2024.03.31,경상남도문화예술회관,true,100
누가 내 머리에 똥 쌌어? [구리],구리아트홀,2024.03.16,2024.03.17,구리아트홀,true,100
라푼젤 [용인],용인시문화예술회관,2024.05.15,2024.05.15,인천문화예술회관,false,82
신비아파트 시즌6: 붉은 눈의 저주 [고양],고양어울림누리,2024.03.01,2024.03.02,고양어울림누리,true,100
꼬마버스 타요: 용감한 구조대 레스큐 타요 [광주],5.18기념문화센터,2024.03.16,2024.03.17,5.18기념문화센터,true,100
아기돼지 삼형제 [목포],목포시민문화체육센터,2024.02.25,2024.02.25,목포시민문화체육센터,true,100
한글용사 아이야: 사라진 한글을 찾아라! [수원],경기아트센터(구. 경기도문화의전당),2024.03.09,2024.03.10,경기아트센터(구. 경기도문화의전당),true,100
백설공주 [광주],광산문화예술회관,2024.03.23,2024.03.23,오산문화예술회관,false,88
백설공주 [양주],양주문화예술회관,2024.03.17,2024.03.17,양주문화예술회관,true,100
최고다 호기심딱지 시즌2: 빵빵 이야기 속으로 [포항],포항문화예술회관,2024.03.09,2024.03.10,포항문화예술회관,true,100
벚꽃 팝콘 [인천],인천중구문화회관,2024.05.04,2024.05.05,인천서구문화회관,false,88
신비아파트 시즌6: 붉은 눈의 저주 [수원],수원SK아트리움,2024.03.23,2024.03.24,수원SK아트리움,true,100
최고다 호기심딱지 시즌2: 빵빵 이야기 속으로 [전주],한국소리문화의전당,2024.03.30,2024.03.31,한국소리문화의전당,true,100
벚꽃 팝콘 [수원],경기아트센터(구. 경기도문화의전당),2024.05.11,2024.05.12,경기아트센터(구. 경기도문화의전당),true,100
토닥토닥 꼬모: 숲 속 캠핑놀이 [용인],용인시문화예술회관,2024.03.09,2024.03.10,인천문화예술회관,false,82
벚꽃 팝콘 [대구],아양아트센터,2024.04.06,2024.04.07,아양아트센터,true,100
미녀와 야수 [고양],고양어울림누리,2024.03.03,2024.03.03,고양어울림누리,true,100
이상한나라의 앨리스 [용인],용인시문화예술회관,2024.03.01,2024.03.03,인천문화예술회관,false,82
신데렐라 [문경],문경문화예술회관,2024.02.04,2024.02.04,문경문화예술회관,true,100
벚꽃 팝콘 [부천],부천시민회관,2024.04.27,2024.04.28,부천시민회관,true,100
벚꽃 팝콘,올림픽공원,2024.03.09,2024.03.17,올림픽공원,true,100
최고다 호기심딱지 시즌2: 빵빵 이야기 속으로 [안양],안양아트센터,2024.03.23,2024.03.24,안양아트센터,true,100
마리 앙투아네트,디큐브링크아트센터,2024.02.27,2024.05.26,디큐브링크아트센터,true,100
벚꽃 팝콘 [대전],대전평송청소년문화센터,2024.03.23,2024.03.24,대전평송청소년문화센터,true,100
벚꽃 팝콘 [강릉],강릉아트센터(구. 강릉문화예술관),2024.05.18,2024.05.19,강릉아트센터(구. 강릉문화예술관),true,100
피터팬 [부산 동래],동래문화회관,2024.03.10,2024.03.10,동래문화회관,true,100
송승환의 오리지널 난타 [창원],3.15아트센터,2024.03.30,2024.03.31,3.15아트센터,true,100
로보카폴리: 잡아라! 황금트로피! [고양],고양어울림누리,2024.03.30,2024.03.31,고양어울림누리,true,100
"파워레인저 다이노포스, 새로운 세계 [전주]",한국소리문화의전당,2024.03.23,2024.03.24,한국소리문화의전당,true,100
장수탕 선녀님 [대전],대전시립연정국악원,2024.03.23,2024.03.24,대전시립연정국악원,true,100
번개맨: 전설의 시작 [광주(앵콜)],5.18기념문화센터,2024.04.20,2024.04.21,5.18기념문화센터,true,100
달 샤베트 [성남],성남아트센터,2024.03.30,2024.03.31,성남아트센터,true,100
장수탕 선녀님 [창원],성산아트홀,2024.03.09,2024.03.10,성산아트홀,true,100
나도 해피엔딩을 쓰고싶어 [사천],사천문화예술회관,2024.01.25,2024.01.25,사천문화예술회관,true,100
알사탕 [광주],예술의 전당 [광주] (구. 광주문화예술회관),2024.04.13,2024.04.14,예술의 전당 [광주] (구. 광주문화예술회관),true,100
알사탕 [부산],부산시민회관,2024.03.30,2024.03.31,부산시민회관,true,100
달 샤베트 [부천],부천시민회관,2024.03.16,2024.03.17,부천시민회관,true,100
콧구멍을 후비면 [대구],롯데백화점 문화홀 [대구],2024.03.02,2024.03.03,현대백화점 문화홀 [대구],false,86
제8회 한국뮤지컬어워즈: 대한민국뮤지컬페스티벌,경희대학교 평화의전당,2024.01.15,2024.01.15,경희대학교 평화의전당,true,100
번개맨: 전설의 시작 [부천],부천시민회관,2024.03.02,2024.03.03,부천시민회관,true,100
"서울시뮤지컬단, 다시, 봄",LG아트센터 서울,2024.05.08,2024.06.07,LG아트센터 서울,true,100
"서울시뮤지컬단, 더 트라이브 (THE TRIBE)",세종문화회관,2024.04.17,2024.05.05,세종문화회관,true,100
쿠키맨 [군포],군포문화예술회관,2024.01.11,2024.01.12,군포문화예술회관,true,100
아기돼지 삼형제 [대전],대전평송청소년문화센터,2024.03.01,2024.03.03,대전평송청소년문화센터,true,100
아기돼지 삼형제 [울산],울산북구문화예술회관,2024.03.02,2024.03.03,울산문화예술회관,false,89
조선의 뚜야 [울산],현대예술관,2024.01.15,2024.01.19,현대예술관,true,100
한글용사 아이야: 사라진 한글을 찾아라! [대전],우송예술회관,2024.03.30,2024.03.31,우송예술회관,true,100
번개맨: 전설의 시작 [청주],청주예술의전당,2024.03.09,2024.03.10,청주예술의전당,true,100
"신한카드 The Moment, 레미제라블",블루스퀘어,2024.01.27,2024.01.27,블루스퀘어,true,100
슈퍼스타 뽀로로 드림콘서트 시즌2 [부천],부천시민회관,2024.03.30,2024.03.31,부천시민회관,true,100
겨울왕국: 겨울이야기 [수원],경기아트센터(구. 경기도문화의전당),2024.02.24,2024.02.25,경기아트센터(구. 경기도문화의전당),true,100
라푼젤 [당진],당진문예의전당,2024.05.05,2024.05.05,당진문예의전당,true,100
스노우맨 [울산],울산중구문화의전당,2024.01.30,2024.01.30,울산중구문화의전당,true,100
프린세스 스쿨 [의정부],의정부예술의전당,2024.01.27,2024.01.28,의정부예술의전당,true,100
슈퍼스타 뽀로로 드림콘서트 시즌2 [의정부],의정부예술의전당,2024.03.01,2024.03.02,의정부예술의전당,true,100
한글용사 아이야: 사라진 한글을 찾아라! [창원],KBS홀 [창원],2024.02.24,2024.02.25,KBS홀 [창원],true,100
엘사의 생일파티 [제주 서귀포],서귀포예술의전당,2024.02.24,2024.02.25,서귀포예술의전당,true,100
고고다이노: 고고킹의 귀환 [구리],구리아트홀,2024.02.03,2024.02.04,구리아트홀,true,100
꼬마버스 타요: 용감한 구조대 레스큐 타요 [용인],용인시문화예술회관,2024.02.24,2024.02.25,인천문화예술회관,false,82
"조형균 콘서트, 홈그라운드",예스24 라이브홀 (구. 악스코리아),2024.01.22,2024.01.22,예스24 라이브홀 (구. 악스코리아),true,100
"바다탐험대 옥토넛 시즌3, 바다넘어 육지까지 [인천]",부평아트센터,2024.05.25,2024.05.26,부평아트센터,true,100
돼지책 [의정부],의정부예술의전당,2024.02.03,2024.02.03,의정부예술의전당,true,100
슈퍼스타 뽀로로 드림콘서트 시즌2 [울산],울산중구문화의전당,2024.03.09,2024.03.10,울산중구문화의전당,true,100
호두까기 인형 [남양주],다산아트홀,2024.01.27,2024.01.28,성산아트홀,false,80
이상한 엄마 [화성],반석아트홀(동탄복합문화센터),2024.01.31,2024.02.01,반석아트홀(동탄복합문화센터),true,100
로보카폴리: 잡아라! 황금트로피! [안산],안산문화예술의전당,2024.03.23,2024.03.24,안산문화예술의전당,true,100
"바다탐험대 옥토넛 시즌3, 바다넘어 육지까지 [광주]",남한산성아트홀,2024.03.02,2024.03.03,남한산성아트홀,true,100
바다탐험대 옥토넛 시즌3: 바다넘어 육지까지 [울산],울산중구문화의전당,2024.03.23,2024.03.24,울산중구문화의전당,true,100
돼지책 [울산],울산문화예술회관,2024.04.13,2024.04.13,울산문화예술회관,true,100
이상한 나라의 아빠,예술의전당 [서울],2024.01.28,2024.03.03,예술의전당 [서울],true,100
"파워레인저 다이노포스, 새로운 세계 [부산]",KBS홀 [부산],2024.03.16,2024.03.17,KBS홀 [부산],true,100
꼬마버스 타요: 용감한 구조대 레스큐 타요 [수원],경기아트센터(구. 경기도문화의전당),2024.02.17,2024.02.18,경기아트센터(구. 경기도문화의전당),true,100
신비아파트 시즌 6: 붉은 눈의 저주 [인천 중구],인천중구문화회관,2024.02.24,2024.02.25,인천서구문화회관,false,88
ABBA: 아바,광야아트센터,2024.02.01,2024.08.31,광림아트센터,false,83
한글용사 아이야: 사라진 한글을 찾아라! [대구],엑스코(exco),2024.03.01,2024.03.02,엑스코(exco),true,100
바다탐험대 옥토넛 시즌3: 바다넘어 육지까지 [안산],안산문화예술의전당,2024.04.20,2024.04.21,안산문화예술의전당,true,100
디엠주 DMZOO [고양],고양어울림누리,2024.01.18,2024.01.28,고양어울림누리,true,100
라푼젤 [남양주],다산아트홀,2024.02.24,2024.02.25,성산아트홀,false,80
비방문 탈취작전 [대구],봉산문화회관,2024.01.19,2024.03.17,부산문화회관,false,83
바다탐험대 옥토넛 시즌3: 바다넘어 육지까지 [군산],군산예술의전당,2024.03.30,2024.03.31,군산예술의전당,true,100
"부산시립극단, 어린왕자 [부산]",부산문화회관,2024.02.03,2024.02.04,부산문화회관,true,100
번개맨: 전설의 시작 [군포],군포문화예술회관,2024.02.17,2024.02.18,군포문화예술회관,true,100
"바다탐험대 옥토넛 시즌3, 바다넘어 육지까지 [익산]",익산예술의전당,2024.04.06,2024.04.07,익산예술의전당,true,100
빨간모자와 늑대 [해남],해남문화예술회관,2024.01.21,2024.01.21,동해문화예술회관,false,88
"파워레인저 다이노포스, 새로운 세계 [광주]",5.18기념문화센터,2024.03.09,2024.03.10,5.18기념문화센터,true,100
슈퍼스타 뽀로로 드림콘서트 시즌2 [부산],소향씨어터,2024.03.09,2024.03.10,소향씨어터,true,100
토닥토닥 꼬모: 숲 속 캠핑놀이 [대전],대전평송청소년문화센터,2024.02.24,2024.02.25,대전평송청소년문화센터,true,100
"히즈쇼 뮤지컬 시즌2, 드림호 ARK의 비밀 [서울 양천]",양천문화회관,2024.01.17,2024.01.20,양천문화회관,true,100
"바다탐험대 옥토넛 시즌3, 바다넘어 육지까지 [강릉]",강릉원주대학교 해람문화관,2024.02.16,2024.02.17,강릉원주대학교 해람문화관,true,100
"바다탐험대 옥토넛 시즌3, 바다넘어 육지까지 [대구]",아양아트센터,2024.03.09,2024.03.10,아양아트센터,true,100
캐치! 티니핑: 두근두근 싱어롱 콘서트! [용산],용산아트홀,2024.02.22,2024.02.25,용산아트홀,true,100
"헬로카봇 시즌7, 웰컴 투 파라다이스 [안양]",안양아트센터,2024.03.16,2024.03.17,안양아트센터,true,100
"바다탐험대 옥토넛 시즌3, 바다넘어 육지까지 [고양]",고양어울림누리,2024.04.13,2024.04.14,고양어울림누리,true,100
캐치! 티니핑: 두근두근 싱어롱 콘서트! [서울 목동],로운아뜨리움(로운아트홀),2024.02.29,2024.03.03,로운아뜨리움(로운아트홀),true,100
뮤지컬배우 강연종의 Bon voyage 여덟 번째 이야기 [대전],대전예술의전당,2024.01.11,2024.01.11,대전예술의전당,true,100
빨래 [전주],한국소리문화의전당,2024.04.27,2024.04.28,한국소리문화의전당,true,100
"바다탐험대 옥토넛 시즌3, 바다넘어 육지까지 [여수]",예울마루,2024.06.15,2024.06.16,예울마루,true,100
"바다탐험대 옥토넛 시즌3, 바다넘어 육지까지 [부산]",부산시민회관,2024.04.27,2024.04.28,부산시민회관,true,100
캐치! 티니핑: 두근두근 싱어롱 콘서트! [강동],강동아트센터,2024.02.03,2024.02.18,강동아트센터,true,100
EBS 친구들이 뭉쳤다! 이벤져스 라이브! [대전],우송예술회관,2024.01.27,2024.01.28,우송예술회관,true,100
한글용사 아이야: 사라진 한글을 찾아라! [광주],5.18기념문화센터,2024.03.23,2024.03.24,5.18기념문화센터,true,100
앤서니 브라운의 우리가족 [고양],고양어울림누리,2024.01.13,2024.01.14,고양어울림누리,true,100
굴다리 연가 [김천],김천시립문화회관,2023.12.23,2023.12.23,김천시문화예술회관,false,82
백설공주 [남양주],다산아트홀,2024.01.20,2024.01.20,성산아트홀,false,80
EBS 친구들이 뭉쳤다! 이벤져스 라이브! [익산],익산예술의전당,2024.01.13,2024.01.14,익산예술의전당,true,100
DMZoo,고양어울림누리,2024.01.18,2024.01.28,고양어울림누리,true,100
백설공주 [수원],경기아트센터(구. 경기도문화의전당),2024.01.13,2024.01.14,경기아트센터(구. 경기도문화의전당),true,100
신데렐라 [서울 은평],은평문화예술회관,2024.01.20,2024.01.20,은평문화예술회관,true,100
이상한나라의 앨리스 [광주],5.18기념문화센터,2024.01.20,2024.01.21,5.18기념문화센터,true,100
누가 내 머리에 똥 쌌어? [대전],대전평송청소년문화센터,2024.02.17,2024.02.17,대전평송청소년문화센터,true,100
우리 아빠가 최고야 [경기 광주],남한산성아트홀,2024.02.17,2024.02.17,남한산성아트홀,true,100
고양이캣 [울산],울산북구문화예술회관,2024.02.03,2024.02.03,울산문화예술회관,false,89
한글용사 아이야: 사라진 한글을 찾아라! [부산],KBS홀 [부산],2024.02.17,2024.02.18,KBS홀 [부산],true,100
프린세스 스쿨 [남양주],다산아트홀,2024.01.13,2024.01.14,성산아트홀,false,80
라푼젤 [순천],순천문화예술회관,2024.02.18,2024.02.18,순천문화예술회관,true,100
"헬로카봇 시즌7, 웰컴 투 파라다이스 [하남]",하남문화예술회관,2024.02.24,2024.02.25,하남문화예술회관,true,100
신비아파트 시즌6: 붉은 눈의 저주 [제주],한라아트홀,2024.03.09,2024.03.10,한라아트홀,true,100
신데렐라 [서울],현대백화점 문화홀 [미아],2024.01.03,2024.01.07,현대백화점 문화홀 [대구],false,86
누가 내 머리에 똥 쌌어? [과천],과천시민회관,2024.01.20,2024.01.20,과천시민회관,true,100
춘향전 [경북 문경],문경문화예술회관,2023.12.23,2023.12.23,문경문화예술회관,true,100
최고다 호기심딱지: 딱지 원정대 [고양(앵콜)],고양어울림누리,2024.01.20,2024.01.21,고양어울림누리,true,100
핑크퐁 댄스파티,도림교회,2023.10.28,2023.10.28,도림교회,true,100
로보카폴리: 잡아라! 황금트로피! [부산],KBS홀 [부산],2024.02.24,2024.02.25,KBS홀 [부산],true,100
책먹는 여우 [진주],경상남도문화예술회관,2024.02.04,2024.02.04,경상남도문화예술회관,true,100
"강릉아트센터 신년음악회 Ⅰ, 뮤지컬 갈라 콘서트 옥주현 카이 김보경",강릉아트센터(구. 강릉문화예술관),2024.01.06,2024.01.06,강릉아트센터(구. 강릉문화예술관),true,100
렛미플라이 [세종시],세종예술의전당,2024.01.12,2024.01.13,세종예술의전당,true,100
미녀와 야수 [성남],성남아트센터,2024.01.13,2024.01.14,성남아트센터,true,100
라푼젤 [이천],이천아트홀,2024.03.09,2024.03.09,이천아트홀,true,100
남경주 카이 차지연의 뮤지컬 갈라콘서트,문경문화예술회관,2023.12.19,2023.12.19,문경문화예술회관,true,100
라푼젤 [구미],강동문화복지회관,2024.01.20,2024.01.20,강동문화복지회관,true,100
위리 Wiri 너의 이야기를 들려줘 [과천],과천시민회관,2023.12.13,2023.12.13,과천시민회관,true,100
부종휴와 꼬마탐험대 [제주],제주아트센터,2023.12.18,2023.12.18,제주아트센터,true,100
신비아파트 시즌6: 붉은 눈의 저주 [대구(앵콜)],엑스코(exco),2024.01.20,2024.01.21,엑스코(exco),true,100
조선의 뚜야 [울산],현대예술관,2023.12.14,2023.12.22,현대예술관,true,100
슈퍼스타 뽀로로 드림콘서트 시즌2 [구미],구미시문화예술회관,2024.03.02,2024.03.03,구미시문화예술회관,true,100
미녀와 야수 [부산 동래],동래문화회관,2024.01.21,2024.01.21,동래문화회관,true,100
슈퍼스타 뽀로로 드림콘서트 시즌2 [양산],양산문화예술회관,2024.02.03,2024.02.04,양주문화예술회관,false,88
아기돼지 삼형제 [강릉],강릉원주대학교 해람문화관,2024.01.27,2024.01.27,강릉원주대학교 해람문화관,true,100
"화승과 함께하는 미스터리 퍼포먼스, 스냅 [부산]",(재)영화의전당,2023.12.09,2023.12.09,(재)영화의전당,true,100
번개맨: 전설의 시작 [울산],KBS홀 [울산],2024.02.24,2024.02.25,KBS홀 [울산],true,100
백설공주 [양천],양천문화회관,2024.02.04,2024.02.04,양천문화회관,true,100
렛미플라이 [울산],현대예술관,2024.01.26,2024.01.27,현대예술관,true,100
캐리tv 액티비티: 점프점프 [대전],대전평송청소년문화센터,2024.02.03,2024.02.04,대전평송청소년문화센터,true,100
헨젤과 그레텔 [대전],대전평송청소년문화센터,2024.02.24,2024.02.25,대전평송청소년문화센터,true,100
겨울왕국 [진주],경상남도문화예술회관,2024.01.06,2024.01.07,경상남도문화예술회관,true,100
신비아파트 시즌6: 붉은 눈의 저주 [청주],청주예술의전당,2024.02.03,2024.02.04,청주예술의전당,true,100
신데렐라 [과천],과천시민회관,2024.01.06,2024.01.06,과천시민회관,true,100
미녀와 야수 [창원],성산아트홀,2024.02.03,2024.02.03,성산아트홀,true,100
겨울왕국: 겨울이야기 [창원],성산아트홀,2024.02.18,2024.02.18,성산아트홀,true,100
가요톱텐 [태백],태백문화예술회관,2023.12.23,2023.12.23,태백문화예술회관,true,100
라푼젤 [대전],대전평송청소년문화센터,2024.02.03,2024.02.04,대전평송청소년문화센터,true,100
공룡이 살아있다 [부산],부산시민회관,2024.05.11,2024.05.12,부산시민회관,true,100
백설공주 [안성],안성맞춤아트홀,2024.01.21,2024.01.21,안성맞춤아트홀,true,100
호두까기 인형 [목포],목포문화예술회관,2024.01.13,2024.01.13,군포문화예술회관,false,88
슈퍼스타 뽀로로 드림콘서트 시즌2 [인천],부평아트센터,2024.02.24,2024.02.25,부평아트센터,true,100
셋병아리들,광림아트센터,2023.12.19,2023.12.19,광림아트센터,true,100
"라이브 콘서트, The 슈또풍",광림아트센터,2023.12.21,2023.12.21,광림아트센터,true,100
아더스 아티스트: 이니티움,광림아트센터,2023.12.18,2023.12.18,광림아트센터,true,100
엄마까투리는 슈퍼맘 [인천],계양문화회관,2024.01.27,2024.01.28,양천문화회관,false,83
반박불가,광림아트센터,2023.12.20,2023.12.20,광림아트센터,true,100
마이 리틀 캣츠 [청주],청주예술의전당,2024.01.27,2024.01.27,청주예술의전당,true,100
라스트 파이브 이어스,세종문화회관,2024.01.17,2024.04.07,세종문화회관,true,100
라푼젤 [청주],청주예술의전당,2024.01.06,2024.01.06,청주예술의전당,true,100
틀려도 괜찮아 [고양],고양어울림누리,2024.02.17,2024.02.18,고양어울림누리,true,100
"뮤지컬 콘서트, 충의를 남기Go  [대구]",아양아트센터,2023.12.02,2023.12.02,아양아트센터,true,100
미녀와 야수 [양산],양산문화예술회관,2024.01.28,2024.01.28,양주문화예술회관,false,88
백설공주 [포항],포항문화예술회관,2024.01.21,2024.01.21,포항문화예술회관,true,100
신데렐라 [울산],울산문화예술회관,2024.02.03,2024.02.04,울산문화예술회관,true,100
"추억의 악극, 갯마을",울산문화예술회관,2023.11.30,2023.12.01,울산문화예술회관,true,100
엘사의 생일파티 [용산],용산아트홀,2024.03.09,2024.03.10,용산아트홀,true,100
신비한 가(家) [대전],대전시립연정국악원,2023.12.22,2023.12.24,대전시립연정국악원,true,100
"헬로카봇 시즌7, 웰컴 투 파라다이스 [안산]",안산문화예술의전당,2024.02.17,2024.02.18,안산문화예술의전당,true,100
미녀와 야수 [용인],용인시문화예술회관,2024.01.06,2024.01.07,인천문화예술회관,false,82
급식걸즈: 뿌슝빠슝 깨져버린 우정 [용산],용산아트홀,2024.02.02,2024.02.04,용산아트홀,true,100
프린세스 스쿨 [사천],사천문화예술회관,2024.02.17,2024.02.17,사천문화예술회관,true,100
틀려도 괜찮아 [청주],청주예술의전당,2024.03.02,2024.03.03,청주예술의전당,true,100
캐리tv 액티비티: 점프점프 [울산],울산중구문화의전당,2024.01.20,2024.01.21,울산중구문화의전당,true,100
백설공주 [양산],양산문화예술회관,2024.01.13,2024.01.13,양주문화예술회관,false,88
"포천문화관광재단, 송년음악회",포천반월아트홀,2023.12.16,2023.12.16,포천반월아트홀,true,100
틀려도 괜찮아 [오산],오산문화예술회관,2024.01.06,2024.01.07,오산문화예술회관,true,100
"제9회 B성년 페스티벌, 나를 닮은 여름에게",안산문화예술의전당,2023.12.07,2023.12.08,안산문화예술의전당,true,100
부산학생예술문화회관 교직원 초청 공연: 뮤지컬 갈라콘서트,부산학생예술문화회관,2023.12.05,2023.12.05,부산학생예술문화회관,true,100
슈퍼스타 뽀로로 드림콘서트 시즌2 [포항],포항문화예술회관,2024.01.13,2024.01.14,포항문화예술회관,true,100
로보카폴리: 잡아라! 황금트로피! [대전],대전평송청소년문화센터,2024.01.27,2024.01.28,대전평송청소년문화센터,true,100
고고다이노: 고고킹의 귀환 [제주],서귀포예술의전당,2024.01.13,2024.01.14,서귀포예술의전당,true,100
진주판타지아 [경남],경상남도문화예술회관,2023.10.04,2023.10.04,경상남도문화예술회관,true,100
"CBS창사 69주년 뮤지컬 갈라콘서트, The Show",롯데콘서트홀,2023.12.29,2023.12.29,롯데콘서트홀,true,100
"헬로카봇 시즌7, 웰컴 투 파라다이스 [부산(앵콜)]",부산시민회관,2024.02.03,2024.02.04,부산시민회관,true,100
부종휴와 꼬마탐험대 [제주],제주아트센터,2023.12.17,2023.12.17,제주아트센터,true,100
제2회 대구교육뮤지컬연구회 앙상블 갈라쇼,대구학생문화센터,2023.12.01,2023.12.01,대구학생문화센터,true,100
로보카폴리: 잡아라! 황금트로피! [대구],수성아트피아,2024.02.03,2024.02.04,수성아트피아,true,100
알사탕 [광주],광산문화예술회관,2023.12.09,2023.12.09,오산문화예술회관,false,88
슈퍼클로젯,세종문화회관,2024.01.14,2024.03.17,세종문화회관,true,100
"원더랜드 공주소동, 파랑새를 구하라 [광산]",광산문화예술회관,2023.12.15,2023.12.15,오산문화예술회관,false,88
최고다 호기심딱지 [부산(앵콜)],KBS홀 [부산],2024.01.06,2024.01.07,KBS홀 [부산],true,100
우리 아빠가 최고야 [아산],아산시 평생학습관(여성회관 아산아트홀),2023.12.24,2023.12.24,아산시 평생학습관(여성회관 아산아트홀),true,100
리멤버 1919 [부산],동래문화회관,2023.12.09,2023.12.09,동래문화회관,true,100
아기돼지 삼형제 [안동],안동시청 대동관(구. 안동시민회관),2024.02.03,2024.02.03,안동시청 대동관(구. 안동시민회관),true,100
장화신은 고양이 [대전],대전평송청소년문화센터,2024.01.13,2024.01.14,대전평송청소년문화센터,true,100
라푼젤 [경기 광주],남한산성아트홀,2024.01.06,2024.01.07,남한산성아트홀,true,100
드로잉: X,안산문화예술의전당,2023.11.25,2023.11.26,안산문화예술의전당,true,100
ALL SHOOK UP,대진대학교,2023.11.30,2023.12.02,대진대학교,true,100
"월곡: 지킨다는 것, 우리의 사명 [김천]",김천시문화예술회관,2023.12.09,2023.12.09,김천시문화예술회관,true,100
내 마음은 무지,올림픽공원,2024.01.20,2024.02.25,올림픽공원,true,100
틀려도 괜찮아 [성남],성남아트센터,2024.02.01,2024.02.04,성남아트센터,true,100
송년 특집 뮤지컬 갈라 콘서트,울산중구문화의전당,2023.12.28,2023.12.28,울산중구문화의전당,true,100
우리 아빠가 최고야 [양산],양산문화예술회관,2024.01.27,2024.01.27,양주문화예술회관,false,88
한글용사 아이야: 사라진 한글을 찾아라! [서울],유니버설아트센터,2024.01.20,2024.02.04,유니버설아트센터,true,100
마고할망이 들려주는 자청비이야기,서귀포예술의전당,2023.12.16,2023.12.16,서귀포예술의전당,true,100
루나틱 [서귀포],김정문화회관,2023.12.02,2023.12.02,금정문화회관,false,83
알사탕 [수원],수원SK아트리움,2024.01.27,2024.01.28,수원SK아트리움,true,100
"송년음악회, 가장 완벽한 엔딩 [하남]",하남문화예술회관,2023.12.28,2023.12.29,하남문화예술회관,true,100
"10주년 기념공연, 레베카 [서울(앵콜)]",LG아트센터 서울,2023.12.14,2024.02.24,LG아트센터 서울,true,100
미녀와 야수 [광주],광산문화예술회관,2024.01.20,2024.01.20,오산문화예술회관,false,88
번개맨: 전설의 시작 [부산(앵콜)],부산시민회관,2024.01.27,2024.01.28,부산시민회관,true,100
노트르담 드 파리,세종문화회관,2024.01.24,2024.03.24,세종문화회관,true,100
고양이캣 [성남],성남아트센터,2024.01.06,2024.01.07,성남아트센터,true,100
백설공주 [울산],울산문화예술회관,2024.01.06,2024.01.07,울산문화예술회관,true,100
삼총사 [제주],제주아트센터,2024.01.05,2024.01.07,제주아트센터,true,100
"뮤지컬 갈라 콘서트, The Present with 장소영 [구리]",구리아트홀,2023.12.09,2023.12.09,구리아트홀,true,100
빨간모자와 늑대 [목포],목포시민문화체육센터,2024.01.20,2024.01.20,목포시민문화체육센터,true,100
오페라의 유령 [대구],계명아트센터,2023.12.22,2024.02.04,계명아트센터,true,100
오즈의 마법사 [대전],대전평송청소년문화센터,2024.01.06,2024.01.07,대전평송청소년문화센터,true,100
누가 내 머리에 똥 쌌어? [강릉],강릉원주대학교 해람문화관,2024.01.06,2024.01.06,강릉원주대학교 해람문화관,true,100
최고다 호기심딱지 [성남],성남아트센터,2023.12.23,2023.12.24,성남아트센터,true,100
이상한 엄마 [광주],예술의 전당 [광주] (구. 광주문화예술회관),2024.01.13,2024.01.14,예술의 전당 [광주] (구. 광주문화예술회관),true,100
고양이 해결사 깜냥: 편의점을 환하게 밝혀라,현대백화점 문화홀 [천호],2024.01.12,2024.01.21,현대백화점 문화홀 [대구],false,86
급식걸즈: 뿌슝빠슝 깨져버린 우정 [안산],안산문화예술의전당,2024.01.06,2024.01.07,안산문화예술의전당,true,100
캐리tv 액티비티: 점프점프 [광주],예술의 전당 [광주] (구. 광주문화예술회관),2024.01.06,2024.01.07,예술의 전당 [광주] (구. 광주문화예술회관),true,100
번개맨: 전설의 시작 [서울(앵콜)],유니버설아트센터,2024.01.10,2024.01.14,유니버설아트센터,true,100
다이빙 온 아이스 [춘천],춘천문화예술회관,2023.12.15,2023.12.15,사천문화예술회관,false,88
EBS 친구들이 뭉쳤다! 이벤져스 라이브! [대구],엑스코(exco),2023.12.30,2023.12.31,엑스코(exco),true,100
스쿨 오브 락 월드투어 [서울],예술의전당 [서울],2024.01.12,2024.03.24,예술의전당 [서울],true,100
급식걸즈: 뿌슝빠슝 깨져버린 우정 [고양],고양어울림누리,2024.01.13,2024.01.14,고양어울림누리,true,100
"뮤지컬 콘서트, 베르사유의 장미",LG아트센터 서울,2023.12.02,2023.12.03,LG아트센터 서울,true,100
발레소년,강동아트센터,2023.12.15,2023.12.17,강동아트센터,true,100
뮤지컬 어벤져스와 함께하는 여민락콘서트: 디셈버 [세종],세종예술의전당,2023.12.20,2023.12.20,세종예술의전당,true,100
"천원의 행복, 뮤지컬 갈라: All that M (11월)",세종문화회관,2023.11.27,2023.11.27,세종문화회관,true,100
천로역정,명륜아트홀,2023.12.09,2024.08.31,명보아트홀,false,80
꼬마버스 타요: 용감한 구조대 레스큐 타요 [목동],로운아뜨리움(로운아트홀),2023.12.23,2024.01.21,로운아뜨리움(로운아트홀),true,100
정글북 [고양],고양어울림누리,2024.01.06,2024.01.06,고양어울림누리,true,100
호두까기인형 [고양],고양어울림누리,2023.12.23,2023.12.24,고양어울림누리,true,100
우리 아빠가 최고야 [고양],현대백화점 문화홀 [킨텍스],2023.12.23,2023.12.25,현대백화점 문화홀 [대구],false,83
호두까기 인형 [서울 천호],현대백화점 문화홀 [천호],2023.12.23,2023.12.25,현대백화점 문화홀 [대구],false,86
쾌랑가 [수원],경기아트센터(구. 경기도문화의전당),2023.11.29,2023.11.29,경기아트센터(구. 경기도문화의전당),true,100
누가 내머리에 똥 쌌어? [고양],고양어울림누리,2023.12.30,2023.12.31,고양어울림누리,true,100
다이빙 온 아이스,강릉아트센터(구. 강릉문화예술관),2023.11.30,2023.11.30,강릉아트센터(구. 강릉문화예술관),true,100
슈퍼 히어로의 똥 닦는 법 [일산],현대백화점 문화홀 [킨텍스],2023.12.29,2024.01.07,현대백화점 문화홀 [대구],false,83
고고다이노: 고고킹의 귀환 [양산],양산문화예술회관,2024.01.06,2024.01.07,양주문화예술회관,false,88
루돌프와 산타할아버지 [서울 양천],양천문화회관,2023.12.23,2023.12.23,양천문화회관,true,100
"11시 & BRUNCH Vol.11, 뮤지컬 갈라 콘서트 최정원 with The Muse [구리]",구리아트홀,2023.12.20,2023.12.20,구리아트홀,true,100
그날들 [고양],고양아람누리,2023.12.22,2023.12.24,고양아람누리,true,100
My name is 대불 [구리],구리아트홀,2023.12.30,2023.12.30,구리아트홀,true,100
맘마미아! [울산],울산문화예술회관,2024.01.05,2024.01.07,울산문화예술회관,true,100
장수탕 선녀님 [대구],아양아트센터,2024.01.06,2024.01.07,아양아트센터,true,100
그날들 [세종],세종예술의전당,2023.12.30,2023.12.31,세종예술의전당,true,100
알사탕 [순천],순천문화예술회관,2024.01.20,2024.01.21,순천문화예술회관,true,100
루돌프와 산타할아버지 [성남],성남아트센터,2023.12.23,2023.12.24,성남아트센터,true,100
아기돼지 삼형제 [대구],롯데백화점 문화홀 [대구],2024.01.27,2024.01.28,현대백화점 문화홀 [대구],false,86
우해이어보 [창원],진해문화센터(진해구민회관),2023.11.22,2023.11.22,진해문화센터(진해구민회관),true,100
레미제라블: 코제트 소녀이야기 [남양주],다산아트홀,2023.12.02,2023.12.02,성산아트홀,false,80
여신님이 보고 계셔 10th Anniversary,마포아트센터,2023.11.24,2023.12.02,마포아트센터,true,100
페인터즈,명보아트홀,2023.07.07,2024.04.30,명보아트홀,true,100
스냅 [부산],(재)영화의전당,2023.12.08,2023.12.08,(재)영화의전당,true,100
슈퍼 히어로의 똥 닦는 법 [부산],부산시민회관,2024.01.27,2024.01.28,부산시민회관,true,100
로보카폴리: 잡아라! 황금트로피! [울산],울산문화예술회관,2024.01.13,2024.01.14,울산문화예술회관,true,100
틀려도 괜찮아 [부산],부산시민회관,2024.01.13,2024.01.14,부산시민회관,true,100
엘사의 생일파티 [울산],울산문화예술회관,2024.01.20,2024.01.21,울산문화예술회관,true,100
드리머스 Dreamers,세종문화회관,2023.11.16,2023.11.22,세종문화회관,true,100
아기돼지 삼형제 [아산],아산시 평생학습관(여성회관 아산아트홀),2024.01.13,2024.01.13,아산시 평생학습관(여성회관 아산아트홀),true,100
오리지널 드로잉 쇼 [제주],제주아트센터,2023.11.24,2023.11.25,제주아트센터,true,100
빅쇼 [창원],성산아트홀,2023.12.17,2023.12.17,성산아트홀,true,100
고은성 콘서트: My Favorite Things,롯데콘서트홀,2023.12.10,2023.12.10,롯데콘서트홀,true,100
1919 [화성],반석아트홀(동탄복합문화센터),2023.12.02,2023.12.02,반석아트홀(동탄복합문화센터),true,100
사운드 오브 뮤직 [고양],고양어울림누리,2023.12.16,2023.12.17,고양어울림누리,true,100
누가 내 머리에 똥 쌌어? [경기 광주],남한산성아트홀,2024.01.27,2024.01.27,남한산성아트홀,true,100
아가사 AGATHA,링크아트센터,2023.12.07,2024.03.03,디큐브링크아트센터,false,80
"이원복의 먼나라 이웃나라, 영국여행 [경북 문경]",문경문화예술회관,2023.11.23,2023.11.23,문경문화예술회관,true,100
호두까기 인형 [당진],당진문예의전당,2023.12.30,2023.12.30,당진문예의전당,true,100
치타부와 바다 행성으로 출동,로운아뜨리움(로운아트홀),2023.11.25,2023.11.25,로운아뜨리움(로운아트홀),true,100
"오늘, 하루 [함양]",함양문화예술회관,2023.11.23,2023.11.23,양주문화예술회관,false,88
"두들팝ver.2, 폴리팝",예술의전당 [서울],2023.12.21,2024.01.21,예술의전당 [서울],true,100
수박수영장 [영월],영월군문화예술회관,2023.12.15,2023.12.16,군포문화예술회관,false,82
콩나물버스,은평문화예술회관,2023.11.22,2023.11.25,은평문화예술회관,true,100
호두까기인형 [군산],군산예술의전당,2023.12.02,2023.12.02,군산예술의전당,true,100
호두까기 인형 [수원],경기아트센터(구. 경기도문화의전당),2023.12.16,2023.12.17,경기아트센터(구. 경기도문화의전당),true,100
호두까기인형 [안양],안양아트센터,2023.12.23,2023.12.24,안양아트센터,true,100
급식걸즈: 뿌슝빠슝 깨져버린 우정 [창원],KBS홀 [창원],2024.01.27,2024.01.28,KBS홀 [창원],true,100
"제1회 대구 창작 뮤지컬 페스타, 개막식 & 뮤지컬 HAPPY BY BUS 갈라 콘서트",봉산문화회관,2023.11.28,2023.11.28,부산문화회관,false,83
레미제라블: 코제트 소녀이야기 [함양],함양문화예술회관,2023.11.15,2023.11.15,양주문화예술회관,false,88
"제1회 대구 창작 뮤지컬 페스타, 비방문 탈취작전",봉산문화회관,2023.11.29,2023.11.29,부산문화회관,false,83
"제1회 대구 창작 뮤지컬 페스타, 기억을걷다 리딩 콘서트",봉산문화회관,2023.12.01,2023.12.01,부산문화회관,false,83
"제1회 대구 창작 뮤지컬 페스타, 생텍쥐페리",봉산문화회관,2023.12.02,2023.12.02,부산문화회관,false,83
"제1회 대구 창작 뮤지컬 페스타, 폐막식 & 뮤지컬 갈라 콘서트",봉산문화회관,2023.12.03,2023.12.03,부산문화회관,false,83
"제1회 대구 창작 뮤지컬 페스타, 서툰 사랑인가요",봉산문화회관,2023.11.30,2023.11.30,부산문화회관,false,83
"제33회 거창국제연극제, 트리아웃",거창 수승대,2023.07.29,2023.07.30,거창 수승대,true,100
루드윅: 베토벤 더 피아노 [수원],수원SK아트리움,2023.12.02,2023.12.02,수원SK아트리움,true,100
피노키오 [안동],안동시청 대동관(구. 안동시민회관),2023.11.25,2023.11.25,안동시청 대동관(구. 안동시민회관),true,100
내가 엄마고 엄마가 나라면 [대전],대전평송청소년문화센터,2023.08.26,2023.08.26,대전평송청소년문화센터,true,100
콧구멍을 후비면 [용인],용인시문화예술회관,2023.12.09,2023.12.10,인천문화예술회관,false,82
페인터즈 [안동],안동문화예술의전당,2023.11.21,2023.11.21,안동문화예술의전당,true,100
달 샤베트,강동아트센터,2023.12.22,2024.01.14,강동아트센터,true,100
딜쿠샤,국립정동극장,2023.12.07,2023.12.30,국립극장,false,80
맥베스 [서울],세종문화회관,2023.12.02,2023.12.30,세종문화회관,true,100
"월드비전 합창단 기획연주 창작합창음악극: 토선생, 수궁가세",고양아람누리,2023.11.29,2023.11.29,고양아람누리,true,100
미드나잇: 액터뮤지션 [의성],의성문화회관,2023.11.08,2023.11.09,의성문화회관,true,100
알쏭달쏭 캐치! 티니핑: 신비한 상자를 열어라! [인천(앵콜)],인천중구문화회관,2023.12.23,2023.12.24,인천서구문화회관,false,88
은하철도의 밤 [남양주],다산아트홀,2023.11.18,2023.11.19,성산아트홀,false,80
청춘연가 [제주 서귀포],서귀포예술의전당,2023.11.18,2023.11.18,서귀포예술의전당,true,100
우리 아빠가 최고야 [대전],대전평송청소년문화센터,2023.12.30,2023.12.31,대전평송청소년문화센터,true,100
국립극장 무장애 뮤지컬 합★체 [김해],김해문화의전당,2023.11.04,2023.11.04,김해문화의전당,true,100
일 테노레,예술의전당 [서울],2023.12.19,2024.02.25,예술의전당 [서울],true,100
더데빌: 파우스트,유니플렉스,2023.12.05,2024.03.03,유니플렉스,true,100
"과천시립소년소녀합창단 하모니시리즈 3, 이상한 도서관의 비밀",과천시민회관,2023.11.11,2023.11.11,과천시민회관,true,100
우리 아빠가 최고야 [이천],이천아트홀,2023.12.16,2023.12.16,이천아트홀,true,100
호두까기인형 [순천],순천문화예술회관,2023.12.30,2023.12.30,순천문화예술회관,true,100
급식걸즈: 뿌슝빠슝 깨져버린 우정 [대구],아양아트센터,2023.12.30,2023.12.31,아양아트센터,true,100
호두까기인형 [청주],청주예술의전당,2023.12.17,2023.12.17,청주예술의전당,true,100
호두까기인형 [제주 서귀포],서귀포예술의전당,2023.12.23,2023.12.24,서귀포예술의전당,true,100
브레이크 아웃 [울산],울산중구문화의전당,2023.11.17,2023.11.18,울산중구문화의전당,true,100
백설공주 [아산],아산시 평생학습관(여성회관 아산아트홀),2023.11.26,2023.11.26,아산시 평생학습관(여성회관 아산아트홀),true,100
"꾿빠이, 이상",예술의전당 [서울],2023.12.09,2023.12.17,예술의전당 [서울],true,100
최고다 호기심딱지: 딱지 원정대 [구미],구미시문화예술회관,2023.12.16,2023.12.17,구미시문화예술회관,true,100
장수탕 선녀님 [춘천],강원대학교 백령아트센터,2023.12.23,2023.12.24,강원대학교 백령아트센터,true,100
맘마미아! [대구],대구오페라하우스,2023.12.15,2023.12.25,대구오페라하우스,true,100
빨간코 루돌프와 산타크로스 [안동],안동시청 대동관(구. 안동시민회관),2023.12.16,2023.12.16,안동시청 대동관(구. 안동시민회관),true,100
헤어드레서 [경북 성주],성주문화예술회관,2023.11.18,2023.11.18,양주문화예술회관,false,88
호두까기인형 [경남 양산],양산문화예술회관,2023.12.30,2023.12.30,양주문화예술회관,false,88
"쇼맨, 어느 독재자의 네 번째 대역배우 [대구]",대구문화예술회관,2023.12.08,2023.12.09,대구문화예술회관,true,100
심청날다,국립국악원,2023.10.27,2023.10.27,국립국악원,true,100
빨간코 루돌프와 산타크로스 [목포],목포문화예술회관,2023.12.24,2023.12.24,군포문화예술회관,false,88
오즈의 마법사 [미아],현대백화점 문화홀 [미아],2023.11.16,2023.11.19,현대백화점 문화홀 [대구],false,86
전설의 리틀 농구단 [이천],이천아트홀,2023.12.08,2023.12.09,이천아트홀,true,100
아기돼지 삼형제 [미아],현대백화점 문화홀 [미아],2023.11.08,2023.11.12,현대백화점 문화홀 [대구],false,86
백설공주 [미아],현대백화점 문화홀 [미아],2023.11.23,2023.11.26,현대백화점 문화홀 [대구],false,86
미녀와 야수 [미아],현대백화점 문화홀 [미아],2023.11.29,2023.12.03,현대백화점 문화홀 [대구],false,86
알라딘과 램프의 요정 [충남 당진],당진문예의전당,2023.11.09,2023.11.09,당진문예의전당,true,100
난타 [부산],소향씨어터,2023.12.13,2023.12.17,소향씨어터,true,100
크리스마스 캐럴 [인천],부평아트센터,2023.11.17,2023.11.19,부평아트센터,true,100
동백아 피어나라 [서울],성암아트센터,2023.11.04,2023.11.04,성남아트센터,false,83
신데렐라 [함양],함양문화예술회관,2023.11.18,2023.11.18,양주문화예술회관,false,88
와일드 와일드: 애프터파티,명보아트홀,2023.12.01,2024.03.31,명보아트홀,true,100
"헬로카봇 시즌7, 웰컴 투 파라다이스 [광주]",조선대학교,2023.12.23,2023.12.24,조선대학교,true,100
난타 [대구],수성아트피아,2023.12.20,2023.12.25,수성아트피아,true,100
백설공주 [김천],김천시립문화회관,2023.12.02,2023.12.02,김천시문화예술회관,false,82
로보카폴리: 잡아라! 황금트로피! [고양],고양어울림누리,2023.11.11,2023.11.12,고양어울림누리,true,100
"신비아파트 시즌6, 붉은 눈의 저주 [서울(앵콜)]",유니버설아트센터,2023.12.23,2024.01.07,유니버설아트센터,true,100
번개맨: 전설의 시작 [고양],고양어울림누리,2023.12.30,2023.12.31,고양어울림누리,true,100
"고고다이노, 고고킹의 귀환 [고양]",고양어울림누리,2023.12.16,2023.12.17,고양어울림누리,true,100
빨래 [대전],대전시립연정국악원,2023.12.29,2023.12.31,대전시립연정국악원,true,100
호두까기인형 [울산 중구],울산중구문화의전당,2023.12.24,2023.12.24,울산중구문화의전당,true,100
"오픈시어터, 무대 속으로 [대전]",대전예술의전당,2023.10.18,2023.10.20,대전예술의전당,true,100
"스웨그에이지 외쳐, 조선! [의정부]",의정부예술의전당,2023.12.08,2023.12.09,의정부예술의전당,true,100
호두까기인형 [부산 명지],성원아트홀,2023.12.16,2023.12.17,성산아트홀,false,80
호두까기인형 [부산 동래],동래문화회관,2023.12.24,2023.12.24,동래문화회관,true,100
가방 들어주는 아이 [김제],김제문화예술회관,2023.10.25,2023.10.25,거제문화예술회관,false,88
신데렐라 [울산],현대예술관,2023.11.18,2023.11.18,현대예술관,true,100
"안녕 자두야, 내 이름은 최자두 [인천]",인천중구문화회관,2023.12.30,2023.12.31,인천서구문화회관,false,88
캐리tv 액티비티: 점프점프 [부산],부산시민회관,2023.12.30,2023.12.31,부산시민회관,true,100
난타 [여수],예울마루,2023.12.02,2023.12.03,예울마루,true,100
조선 이야기꾼 전기수 [오산],오산문화예술회관,2023.11.18,2023.11.19,오산문화예술회관,true,100
이상한 나라의 아빠 [경기 광주],남한산성아트홀,2023.11.17,2023.11.18,남한산성아트홀,true,100
북극곰 로라 [포천],포천반월아트홀,2023.11.18,2023.11.18,포천반월아트홀,true,100
반짝반짝 달님이: 버블버블 마법의 솜사탕 [대구],롯데백화점 문화홀 [대구],2023.12.23,2023.12.31,현대백화점 문화홀 [대구],false,86
3DIVA 콘서트 [청주],청주예술의전당,2023.12.09,2023.12.09,청주예술의전당,true,100
백설공주 [순천],순천문화예술회관,2023.12.03,2023.12.03,순천문화예술회관,true,100
미술관에 간 윌리 [고양],고양어울림누리,2023.12.02,2023.12.02,고양어울림누리,true,100
써니텐 [아산],아산시 평생학습관(여성회관 아산아트홀),2023.11.04,2023.11.04,아산시 평생학습관(여성회관 아산아트홀),true,100
"브레드이발소 시즌2, 내 꿈을 찾아서 [인천]",부평아트센터,2023.12.30,2023.12.31,부평아트센터,true,100
우리가 사랑했던 그날 [대구],대구학생문화센터,2023.11.03,2023.11.03,대구학생문화센터,true,100
피노키오 [영주],영주시민회관,2023.11.12,2023.11.12,파주시민회관,false,83
빨간코 루돌프와 산타크로스 [전주],전주교육문화회관(전북교육문화회관),2023.12.25,2023.12.25,전주교육문화회관(전북교육문화회관),true,100
"월곡: 지킨다는 것, 우리의 사명 [대구]",달서아트센터 (구. 웃는얼굴아트센터),2023.11.03,2023.11.04,달서아트센터 (구. 웃는얼굴아트센터),true,100
루드윅: 베토벤 더 피아노 [하남],하남문화예술회관,2023.12.09,2023.12.10,하남문화예술회관,true,100
창수책방 [창원],3.15아트센터,2023.11.02,2023.11.05,3.15아트센터,true,100
리진: 빛의 여인,충무아트센터,2023.11.14,2024.02.04,충무아트센터,true,100
루돌프의 크리스마스 선물 [수원],경기아트센터(구. 경기도문화의전당),2023.12.30,2023.12.31,경기아트센터(구. 경기도문화의전당),true,100
누가 내 머리에 똥 쌌어? [청주],청주예술의전당,2023.12.03,2023.12.03,청주예술의전당,true,100
슈퍼스타 뽀로로 드림콘서트 [안양],안양아트센터,2023.12.16,2023.12.17,안양아트센터,true,100
전천당 VS 흑화당 [대구],아양아트센터,2023.12.23,2023.12.24,아양아트센터,true,100
엄마까투리는 슈퍼맘 [울산],울산중구문화의전당,2023.12.30,2023.12.31,울산중구문화의전당,true,100
엄마까투리는 슈퍼맘 [부산],부산시민회관,2023.12.23,2023.12.24,부산시민회관,true,100
피노키오 [목포],목포문화예술회관,2023.11.05,2023.11.05,군포문화예술회관,false,88
신비아파트 시즌6: 붉은 눈의 저주 [광주],조선대학교,2023.12.16,2023.12.17,조선대학교,true,100
우리 아빠가 최고야 [목포],목포시민문화체육센터,2023.11.25,2023.11.25,목포시민문화체육센터,true,100
프린세스 공주뮤지컬쇼 [안산],안산문화예술의전당,2023.12.09,2023.12.10,안산문화예술의전당,true,100
캔터빌의 유령 [울주],울주문화예술회관,2023.11.10,2023.11.10,양주문화예술회관,false,88
겨울왕국: 겨울이야기 [울산],울산북구문화예술회관,2023.12.30,2023.12.31,울산문화예술회관,false,89
리버스(REBIRTH) [대구],달서아트센터 (구. 웃는얼굴아트센터),2023.11.25,2023.11.25,달서아트센터 (구. 웃는얼굴아트센터),true,100
가요톱텐,문경문화예술회관,2023.10.27,2023.10.27,문경문화예술회관,true,100
몬테크리스토,충무아트센터,2023.11.21,2024.02.25,충무아트센터,true,100
말리의 어제보다 특별한 오늘,사천문화예술회관,2023.10.26,2023.10.26,사천문화예술회관,true,100
크리스마스 캐롤 [안양],안양아트센터,2023.12.23,2023.12.24,안양아트센터,true,100
창백한 푸른 점 [안양],안양아트센터,2023.10.21,2023.10.22,안양아트센터,true,100
각인 [인천 계양],계양문화회관,2023.11.29,2023.11.29,양천문화회관,false,83
사의찬미 [경남],통영시민문화회관,2023.10.28,2023.10.28,통영시민문화회관,true,100
로보카폴리: 잡아라! 황금트로피! [포천],포천반월아트홀,2023.11.04,2023.11.04,포천반월아트홀,true,100
프린세스 공주뮤지컬쇼 [김천],김천시립문화회관,2023.11.18,2023.11.18,김천시문화예술회관,false,82
우리 아빠가 최고야 [강릉],강릉원주대학교 해람문화관,2023.11.18,2023.11.18,강릉원주대학교 해람문화관,true,100
왕세자 실종사건 [창원],3.15아트센터,2023.11.17,2023.11.18,3.15아트센터,true,100
맘마미아! [안동],안동문화예술의전당,2023.12.30,2023.12.31,안동문화예술의전당,true,100
"안녕 자두야, 내 이름은 최자두 [구미]",강동문화복지회관,2023.12.23,2023.12.24,강동문화복지회관,true,100
크리스마스 캐롤,부산문화회관,2023.12.21,2023.12.23,부산문화회관,true,100
겨울왕국: 겨울이야기 [남양주],다산아트홀,2023.12.24,2023.12.24,성산아트홀,false,80
스파이크 어게인 [고양],고양어울림누리,2023.10.20,2023.10.20,고양어울림누리,true,100
그날들 [수원],경기아트센터(구. 경기도문화의전당),2023.11.25,2023.11.26,경기아트센터(구. 경기도문화의전당),true,100
김종욱 찾기 [대전],우송예술회관,2023.12.23,2023.12.25,우송예술회관,true,100
스냅,제주아트센터,2023.10.31,2023.10.31,제주아트센터,true,100
넌 특별하단다 [수원],수원SK아트리움,2023.12.03,2023.12.03,수원SK아트리움,true,100
고양이 해결사 깜냥: 편의점을 환하게 밝혀라 [대구],대구보건대 인당아트홀,2023.12.16,2023.12.17,대구보건대 인당아트홀,true,100
"쇼맨, 어느 독재자의 네 번째 대역배우 [화성]",반석아트홀(동탄복합문화센터),2023.11.24,2023.11.25,반석아트홀(동탄복합문화센터),true,100
컴프롬어웨이 [서울],광림아트센터,2023.11.28,2024.02.18,광림아트센터,true,100
신데렐라 [서귀포],서귀포예술의전당,2023.11.11,2023.11.12,서귀포예술의전당,true,100
그래비티 스페이스 [여수],예울마루,2023.11.17,2023.11.18,예울마루,true,100
스모크,링크아트센터,2023.11.15,2024.02.04,디큐브링크아트센터,false,80
겨울왕국: 겨울이야기 [강릉],강릉원주대학교 해람문화관,2023.11.04,2023.11.04,강릉원주대학교 해람문화관,true,100
조선이야기꾼 전기수 [당진],당진문예의전당,2023.11.24,2023.11.25,당진문예의전당,true,100
조선 이야기꾼 전기수 [안성],안성맞춤아트홀,2023.11.03,2023.11.04,안성맞춤아트홀,true,100
드라큘라,샤롯데씨어터,2023.12.06,2024.03.03,샤롯데씨어터,true,100
산타와 루돌프 [대전],대전평송청소년문화센터,2023.12.16,2023.12.17,대전평송청소년문화센터,true,100
파라다이스,국립아시아문화전당,2023.10.21,2023.10.22,국립아시아문화전당,true,100
겨울왕국: 겨울이야기 [부산 명지],성원아트홀,2023.11.25,2023.11.25,성산아트홀,false,80
포파이 [대구],대구문화예술회관,2023.11.03,2023.11.04,대구문화예술회관,true,100
"ACC초이스, 베르나르다 알바",국립아시아문화전당,2023.11.10,2023.11.11,국립아시아문화전당,true,100
루돌프의 크리스마스선물 [대구],달서아트센터 (구. 웃는얼굴아트센터),2023.12.09,2023.12.09,달서아트센터 (구. 웃는얼굴아트센터),true,100
"헬로카봇 시즌7, 웰컴 투 파라다이스 [고양]",고양어울림누리,2023.12.02,2023.12.03,고양어울림누리,true,100
금수SHOW,고양어울림누리,2023.10.18,2023.10.18,고양어울림누리,true,100
남경주 & 신영숙의 뮤지컬 갈라콘서트 [대구],경북대학교,2023.10.28,2023.10.28,경북대학교,true,100
삼총사 [부산],소향씨어터,2023.12.23,2023.12.25,소향씨어터,true,100
JUMP 점프 [고양],고양어울림누리,2023.12.09,2023.12.10,고양어울림누리,true,100
블루 블라인드 [의정부],의정부예술의전당,2023.11.10,2023.11.10,의정부예술의전당,true,100
번개맨: 전설의 시작 [전주],전북대학교 삼성문화회관,2023.12.23,2023.12.24,전북대학교 삼성문화회관,true,100
하늘을 난 라이트 형제,다산아트홀,2023.10.07,2023.10.07,성산아트홀,false,80
우리 아빠가 최고야 [순천],순천문화예술회관,2023.11.11,2023.11.11,순천문화예술회관,true,100
삼총사 [광주],예술의 전당 [광주] (구. 광주문화예술회관),2023.12.01,2023.12.03,예술의 전당 [광주] (구. 광주문화예술회관),true,100
JUMP [고양],고양어울림누리,2023.12.09,2023.12.10,고양어울림누리,true,100
파리넬리 [의정부],의정부예술의전당,2023.11.25,2023.11.25,의정부예술의전당,true,100
오! 당신이 잠든 사이 [의정부],의정부예술의전당,2023.11.18,2023.11.18,의정부예술의전당,true,100
바다탐험대 옥토넛 시즌2: 대한호초 보호작전 [대전],대전시립연정국악원,2023.12.03,2023.12.03,대전시립연정국악원,true,100
청춘연가 [경북 성주],성주문화예술회관,2023.10.21,2023.10.21,양주문화예술회관,false,88
산타와 루돌프 [용인],용인시문화예술회관,2023.12.16,2023.12.17,인천문화예술회관,false,82
"타고, Korean DrumⅢ: The Drum Shaman",국립극장,2023.10.26,2023.10.27,국립극장,true,100
루돌프의 크리스마스선물,세종문화예술회관,2023.12.15,2023.12.16,세종문화회관,false,86
로보카폴리: 잡아라! 황금트로피! [창원],3.15아트센터,2023.12.23,2023.12.24,3.15아트센터,true,100
