id,name,start_date,end_date,venue,genre
PF245528,"기술입은 문화예술교육, 왓이프 씨어터: AI로 풀어보는 상상극장 쇼케이스",2024.07.21,2024.07.21,춘천문화예술회관,복합
PF245432,Triangle X salón de luna 02: 비유클리드 기하학,2024.07.20,2024.07.20,플라멩코델서울,무용
PF245376,목 짧은 기린 지피 [보령],2024.07.18,2024.07.18,보령문화예술회관,뮤지컬
PF245360,"굿음악축제, 운수대통 만사형통 굿!: 동해안별신굿",2024.07.20,2024.07.20,국립남도국악원,한국음악(국악)
PF245358,편지 그리고 벽,2024.07.19,2024.07.19,모두예술극장,연극
PF245330,민통선 사람들 [철원],2024.07.20,2024.07.20,철원군 화강문화센터,연극
PF245307,"송윤원 & 오현정, Piano Duo Recital",2024.07.21,2024.07.21,스튜디오 바이탈 바이브,서양음악(클래식)
PF245290,한여름의 랩소디 [여주],2024.07.23,2024.07.28,아트스페이스 다스름,연극
PF245267,청소년을 위한 클래식의 첫 걸음 with SC Bright Orchestra,2024.07.17,2024.07.17,롯데콘서트홀,서양음악(클래식)
PF245260,"오페라 아리아의 밤 Ⅱ, 베르디 [대구]",2024.07.20,2024.07.20,비원뮤직홀,서양음악(클래식)
PF245253,제3회 김계옥가야금연주단 정기연주회: 김계옥의 음악세계,2024.07.21,2024.07.21,국립국악원,한국음악(국악)
PF245237,목소리 [대전],2024.07.19,2024.07.21,소극장 고도,연극
PF245148,이고은 피아노 독주회 [대구],2024.07.18,2024.07.18,공간울림연주홀,서양음악(클래식)
PF245137,"쌀롱드무지끄, Free Improvisation: Beyond TheQ",2024.07.20,2024.07.20,쌀롱드무지끄,서양음악(클래식)
PF245121,남해 뮤직 아카데미 & 페스티벌 콘서트: Session 1 (07.18),2024.07.18,2024.07.18,엘림아트센터,서양음악(클래식)
PF245089,"국립극장 청소년 창극 아카데미, 지지배배 시르렁 실건",2024.06.02,2024.06.02,국립극장,한국음악(국악)
PF245086,"서구 생활문화 축제, 어른 없는 세상 [인천]",2024.05.26,2024.05.26,인천서구문화회관,연극
PF245084,"토요재즈살롱 LIVE IN 인천 송도, 정우연 TRIO",2024.07.20,2024.07.20,카페와안,대중음악
PF245081,인어공주 [서울 금천],2024.07.20,2024.08.18,레미어린이극장 [금천],뮤지컬
PF245080,"제6회 불휘기픈소리: 박지선의 단소와 대금, 늘채움",2024.07.18,2024.07.18,선릉아트홀(구. 아트홀 가얏고을),한국음악(국악)
PF245079,백설공주 [대전],2024.07.18,2024.08.18,조이마루아트홀(복합문화공간 플랜에이),뮤지컬
PF245076,"서른세번째 스윙-바이, 자유즉흥연주",2024.07.19,2024.07.19,음악공간 중력장,대중음악
PF245048,"DEAFHEAVEN, ONE MORE DAY [서울]",2024.07.19,2024.07.19,무신사 개러지(구. 왓챠홀),대중음악
PF245044,"한국음악교수법협회 초청, 서초국제예술단 피아노 갈라 콘서트 [부산]",2024.07.20,2024.07.20,해운대문화회관,서양음악(클래식)
PF245042,패스 [보성],2024.07.23,2024.07.23,보성군문화예술회관,연극
PF245010,제1회 리즌콰이어 정기연주회: MZ 모차르트,2024.07.23,2024.07.23,영산아트홀,서양음악(클래식)
PF245000,"72회 끌로드 살롱콘서트, 여름: 즉흥의 순간",2024.07.21,2024.07.21,끌로드아트홀,서양음악(클래식)
PF244983,장마에 눅눅하고 매미소리 시끄러울 때,2024.07.23,2024.08.04,브로일링커피 강동점,연극
PF244980,아일랜드,2024.07.23,2024.07.28,코델아트홀,연극
PF244976,윤혜원 초청 피아노 독주회,2024.07.17,2024.07.17,세라믹팔레스홀,서양음악(클래식)
PF244963,셰프 [부안],2024.07.20,2024.07.20,부안예술회관,뮤지컬
PF244960,박물관에서의 여름 밤,2024.07.20,2024.07.20,유금와당박물관,대중음악
PF244959,아기돼지삼형제: 늑대숲 또옹돼지 원정대 [대학로],2024.07.20,2024.08.31,라온씨어터,뮤지컬
PF244952,예원 챔버 오케스트라 정기연주회,2024.07.22,2024.07.22,서울아트센터,서양음악(클래식)
PF244949,지브리 영화음악 FESTA [대구],2024.07.14,2024.07.14,대구문화예술회관,서양음악(클래식)
PF244930,"MAGIC SHOW, TOUCH [부산]",2024.07.13,2024.08.25,어댑터플레이스,서커스/마술
PF244928,"안산디자인문화고등학교 공연콘텐츠과 12기 졸업발표회, 니부모 얼굴이 보고싶다",2024.07.18,2024.07.20,보노마루,연극
PF244927,제2회 코리안아츠윈드 정기연주회,2024.07.20,2024.07.20,예술의전당 [서울],서양음악(클래식)
PF244925,"박혜경, 안녕 그리샤 [영광]",2024.07.18,2024.07.18,영광예술의전당,복합
PF244911,"HOSADAMA, AIN'T BALLADS CONCERT",2024.07.19,2024.07.19,벨로주 [홍대] (구. 왓에버),대중음악
PF244904,드로잉 매직쇼 크레용용 [서울 송파],2024.07.20,2024.07.20,송파어린이문화회관,서커스/마술
PF244903,제25회 광성필하모닉 오케스트라 정기연주회,2024.07.13,2024.07.13,고양아람누리,서양음악(클래식)
PF244902,"센트럴 워싱턴 대학교 윈드 앙상블 내한 공연, 백두대간",2024.07.22,2024.07.22,광림아트센터,서양음악(클래식)
PF244901,둥둥주의보 [춘천],2024.07.20,2024.07.21,아트팩토리 봄,연극
PF244898,"제22회 경기인형극제, 타 렌트 쇼 [수원]",2024.07.20,2024.07.21,경기상상캠퍼스 M3,연극
PF244888,슈퍼 고양이 푸스 [군포],2024.07.18,2024.07.18,군포문화예술회관,뮤지컬
PF244886,김성연의 마임세계 (世界),2024.07.23,2024.07.24,동국대학교,연극
PF244885,"제22회 경기인형극제, 늙은 개 [수원]",2024.07.20,2024.07.21,경기상상캠퍼스 M3,연극
PF244878,"제16회 품앗이공연예술축제, 호랑이 형님",2024.07.13,2024.08.03,민들레연극마을,연극
PF244877,고고웨스트 GO! GO! WEST!,2024.07.18,2024.07.21,후암스테이지,연극
PF244871,"한여름에 만나는 해설발레, 호두까기 인형 [세종]",2024.07.21,2024.07.21,비오케이아트센터(BOK아트센터),무용
PF244867,크리에이티브댄스페스티벌 [대구],2024.07.13,2024.07.13,봉산문화회관,무용
PF244865,문나이트 MOON NIGHT [고창],2024.07.18,2024.07.18,고창문화의전당,뮤지컬
PF244862,"밴드 분리수거, 현수! 나감! 우리! 망함!",2024.07.21,2024.07.21,클럽온에어,대중음악
PF244830,어게인 (Again) [무안],2024.07.18,2024.07.18,무안승달문화예술회관,연극
PF244829,"제69회 작은소동 정기공연, 골목길 코믹호러: 이웃집 쌀통 [익산]",2024.07.18,2024.07.21,익산시립모현도서관,연극
PF244828,"영산아트홀 파이프오르간 시리즈, 김현서 파이프오르간 독주회",2024.07.12,2024.07.12,영산아트홀,서양음악(클래식)
PF244827,제1회 성남교육지원청 오케스트라 공유학교 정기연주회,2024.07.20,2024.07.20,성남아트리움 (구. 성남시민회관),서양음악(클래식)
PF244820,Piano Party BY 40 FINGERS 10주년 기념음악회,2024.07.22,2024.07.22,일신홀,서양음악(클래식)
PF244808,한여름밤 Ice Coffee 콘서트,2024.07.23,2024.07.23,을숙도문화회관,복합
PF244799,정말이야 [부산],2024.07.19,2024.07.20,창조문화활력센터 소극장 624,연극
PF244794,영 아티스트 콘서트,2024.07.16,2024.07.16,롯데콘서트홀,서양음악(클래식)
PF244789,여름날의 귤림풍악 [제주 서귀포],2024.07.13,2024.07.13,마로스튜디오,한국음악(국악)
PF244787,"후생가외, 이보경 가야금 독주회",2024.07.13,2024.07.13,문화공간 아이원,한국음악(국악)
PF244776,"아르코꿈밭극장 개관 X 아시테지 국제여름축제 개막, 와그르르르 수궁가",2024.07.17,2024.07.17,아르코 꿈밭극장 (구.학전),연극
PF244764,"제11회 작곡가 임긍수 가곡의 대향연, 강 건너 봄이 오듯",2024.07.22,2024.07.22,롯데콘서트홀,서양음악(클래식)
PF244760,"제24회 밀양공연예술축제, 스프레이",2024.07.23,2024.07.25,"밀양아리나(구, 밀양연극촌)",연극
PF244757,"제892회 전남도립국악단 토요가무악희 시즌3, 그린국악",2024.07.13,2024.07.13,남도소리울림터,한국음악(국악)
PF244756,강권순의 가곡: 천뢰,2024.07.17,2024.07.17,송해아트홀,한국음악(국악)
PF244745,"영산아트홀 파이프오르간시리즈, 이혜진 파이프오르간 독주회",2024.07.19,2024.07.19,영산아트홀,서양음악(클래식)
PF244744,MELTING LIVE: GENTLE,2024.07.21,2024.07.21,온맘씨어터,대중음악
PF244736,제4회 드로잉더뮤직 음악콩쿠르 대상전,2024.07.13,2024.07.13,로데아트센터,서양음악(클래식)
PF244735,"레이지본 콘서트, 요절복통 레이지본 vol.2",2024.07.19,2024.07.19,컨벤트펍 (The convent Live Pub),대중음악
PF244727,"오전에 만나는 클래식, 나를 위한 오롯한 시간",2024.07.18,2024.07.18,롯데콘서트홀,서양음악(클래식)
PF244724,"꿀잼 어린이극장, 차이코프스키 힐링 명작 발레 [성남]",2024.07.19,2024.07.19,성남아트리움 (구. 성남시민회관),무용
PF244722,"제6회 불휘기픈소리, 박정연의 가야금: 소로",2024.07.12,2024.07.12,선릉아트홀(구. 아트홀 가얏고을),한국음악(국악)
PF244703,찹아저씨의 선물가게,2024.07.13,2024.07.13,송파어린이문화회관,서커스/마술
PF244698,제14회 조플룻과 별들의 교향곡,2024.07.10,2024.07.10,롯데콘서트홀,서양음악(클래식)
PF244695,"정재만 추모 10주기 공연, 커다란 태산을 등에 짊어지듯...",2024.07.14,2024.07.14,국립국악원,무용
PF244671,레미제라블: 코제트 소녀이야기 [군위],2024.07.18,2024.07.18,군위 삼국유사교육문화회관,뮤지컬
PF244670,배소고지 이야기: 기억의 연못 [논산],2024.07.19,2024.07.20,논산아트센터(구. 논산문화예술회관),연극
PF244660,"서른두번째 스윙-바이, 자유즉흥연주",2024.07.16,2024.07.16,음악공간 중력장,복합
PF244657,"그루브 썸머재즈: Alice in Geogia, Jazz Scape Band: 재즈클럽에서 만나는 재즈페스티벌",2024.07.20,2024.07.20,재즈클럽 그루브,대중음악
PF244653,빠스꽐레 스타파노 그리고 지안니 이오리오 [대전],2024.07.13,2024.07.13,아트브릿지,서양음악(클래식)
PF244649,박지영 귀국 바이올린 독주회,2024.07.19,2024.07.19,금호아트홀 연세,서양음악(클래식)
PF244643,"로사오케스트라심포닉아트, 뮤직스펙트럼 오브 가야금오케스트라",2024.07.20,2024.07.20,대덕문화전당,복합
PF244642,"먼데이프로젝트 시즌7, Add All Ears 에드올이얼스 단독 콘서트: 목소리 청음회",2024.07.23,2024.07.23,클럽온에어,대중음악
PF244639,"영산아트홀 실내악 시리즈, 람파스 앙상블 콘서트",2024.07.18,2024.07.18,영산아트홀,서양음악(클래식)
PF244638,조국의 노래 [김제],2024.07.19,2024.07.19,김제문화예술회관,서양음악(클래식)
PF244625,고잉홈프로젝트: 베토벤 전곡 시리즈 스페셜 콘서트 [부산],2024.07.17,2024.07.17,부산학생예술문화회관,서양음악(클래식)
PF244623,"부산시립국악관현악단 예술교육공연: 재밌는 국악, 신나는 국악",2024.07.11,2024.07.12,부산문화회관,한국음악(국악)
PF244616,제21회 경기예술고등학교 정기연주회,2024.07.17,2024.07.17,부천아트센터,서양음악(클래식)
PF244613,테너 나대주 독창회 [세종],2024.07.12,2024.07.12,비오케이아트센터(BOK아트센터),서양음악(클래식)
PF244612,고인돌대장 모로,2024.07.15,2024.07.15,고창문화의전당,뮤지컬
PF244608,"서리풀악동문화공연, 초대장아! 어디있니?",2024.07.23,2024.07.23,반포심산아트홀,서양음악(클래식)
PF244607,"시간, 공간 그리고 인간",2024.07.17,2024.07.21,북촌창우극장,연극
PF244605,"쌀롱드무지끄: 콜라주, 음악조각",2024.07.22,2024.07.22,쌀롱드무지끄,서양음악(클래식)
PF244601,장예은 첼로 리사이틀 [대전],2024.07.23,2024.07.23,대전예술의전당,서양음악(클래식)
PF244598,이 극은 난극입니다,2024.07.12,2024.07.14,놀터예술공방,연극
PF244595,"쌀롱드무지끄, Bugs music",2024.07.21,2024.07.21,쌀롱드무지끄,서양음악(클래식)
PF244592,"제4회 대한민국치유예술제, 봄에는 자살금지",2024.07.22,2024.07.22,여행자극장,연극
PF244591,락앤롤 특급열차,2024.07.20,2024.07.20,후케즈,대중음악
PF244588,"강릉시립교향악단, 힐링음악회 [강릉]",2024.07.22,2024.07.22,강릉아트센터(구. 강릉문화예술관),서양음악(클래식)
PF244586,"제3회 다음소리 음악축제, 나의 소리 concert 1",2024.07.10,2024.07.10,JCC 아트센터,서양음악(클래식)
PF244585,페인터즈 [대구],2024.07.13,2024.07.13,대구서구문화회관,뮤지컬
PF244576,"실내악의 밤, 한여름 밤의 꿈 [대구]",2024.07.11,2024.07.11,비원뮤직홀,서양음악(클래식)
PF244522,"G샵하우스 오픈 6주년 기념 특별기획, 한국재즈의 현재와 미래",2024.07.05,2024.07.28,G#하우스,대중음악
PF244518,온도 (OWNDO) 단독공연: SIMULATION: SIMULACRE,2024.07.07,2024.07.07,CJ아지트 광흥창,대중음악
PF244517,이경미 피아노 독주회,2024.07.19,2024.07.19,영산아트홀,서양음악(클래식)
PF244515,"ESG오페라마, 저출생 인식개선: Yes-kids!",2024.07.18,2024.07.18,성수아트홀(성수문화복지회관),서양음악(클래식)
PF244507,sfumato,2024.07.19,2024.07.20,플랫폼-엘 컨템포러리 아트센터,무용
PF244502,제1248회 서초금요음악회: 배비장전,2024.07.19,2024.07.19,서초문화예술회관(구. 서초구민회관),서양음악(클래식)
PF244500,의자들,2024.07.18,2024.07.21,뜻밖의 극장(구. 해우소소극장),연극
PF244497,육각의 인간,2024.07.11,2024.07.21,씨어터 쿰,연극
PF244496,"제16회 SIMF 대구, 노래로 잇다, Concert Opera 오페라 세상만사: 노래에 살고, 사랑에 살고 [대구]",2024.07.22,2024.07.22,공간울림연주홀,서양음악(클래식)
PF244493,"월간연주자, 피아니스트 이준병",2024.07.21,2024.07.21,갤러리 디 아르테 청담,서양음악(클래식)
PF244490,"바흐, 바로크",2024.07.07,2024.07.07,쌀롱드무지끄,서양음악(클래식)
PF244488,"제12회 서울단편극 페스티벌, 자립일기 & 살아진다, 사라진다",2024.07.06,2024.07.07,동숭무대소극장,연극
PF244486,해금예찬 (07.22~24),2024.07.22,2024.07.24,스페이스 거북이,한국음악(국악)
PF244484,테너 배은환 독창회,2024.07.13,2024.07.13,영산아트홀,서양음악(클래식)
PF244483,"쌀롱드무지끄, 여름날의 피아노 여행",2024.07.20,2024.07.20,쌀롱드무지끄,서양음악(클래식)
PF244479,"비원뮤직홀 마티네 콘서트, 뮤직 & 브런치",2024.07.10,2024.07.10,비원뮤직홀,서양음악(클래식)
PF244468,제1회 부울경 청소년 교류음악회,2024.07.20,2024.07.20,부산학생예술문화회관,서양음악(클래식)
PF244464,"제2회 스타아트연극제 경연작, 클라인 보틀",2024.07.11,2024.07.12,씨어터조이 (구. 마당세실극장),연극
PF244461,"제893회 전남도립국악단 토요가무악희 시즌3, 그린국악: PART Ⅰ, 우리의 소리를 그리다",2024.07.20,2024.07.20,남도소리울림터,한국음악(국악)
PF244460,숲속음악대 덩따쿵 [남원],2024.07.20,2024.07.20,국립민속국악원,한국음악(국악)
PF244458,속내 [대전],2024.07.10,2024.07.14,소극장 고도,연극
PF244451,"토요재즈살롱 LIVE IN 인천 송도, 이하은 QUARTET",2024.07.06,2024.07.06,카페와안,대중음악
PF244449,누구에게나 처음은 있다,2024.07.13,2024.07.13,쌀롱드무지끄,서양음악(클래식)
PF244447,나와 몬스터 그리고 가방 [거제],2024.07.11,2024.07.12,거제문화예술회관,연극
PF244446,서승연 초청 바이올린 독주회,2024.07.23,2024.07.23,세라믹팔레스홀,서양음악(클래식)
PF244443,권혜진 피아노 독주회,2024.07.21,2024.07.21,예술의전당 [서울],서양음악(클래식)
PF244442,Now Is The Time,2024.07.13,2024.07.13,강북문화예술회관,대중음악
PF244441,버블버블쇼 [예산],2024.07.20,2024.07.20,예산문예회관,서커스/마술
PF244440,경로당 폰팅 사건 [부안],2024.07.12,2024.07.12,부안예술회관,뮤지컬
PF244436,"제21회 서울국제무용콩쿠르, 특별갈라",2024.07.18,2024.07.18,마포아트센터,무용
PF244432,"서울예고 실내악콩쿠르 입상자 연주회, The 2nd Winner' s Concert (07.16)",2024.07.16,2024.07.16,서울아트센터,서양음악(클래식)
PF244431,"제14회 교내 음악콩쿠르 입상자 연주회, The 2nd Winner' s Concert (07.15)",2024.07.15,2024.07.15,서울아트센터,서양음악(클래식)
PF244427,제18회 코리아싱어즈 정기연주회,2024.07.13,2024.07.13,영산아트홀,서양음악(클래식)
PF244424,뮤즈앙상블 정기연주회 [대구],2024.07.09,2024.07.09,수성아트피아,서양음악(클래식)
PF244417,Haters에게 바치는 체조,2024.07.19,2024.07.21,서울문화재단 대학로극장 쿼드(예술청),연극
PF244415,"Growing Up! Series: 최현빈, 서준오 Piano Duo Concert",2024.07.14,2024.07.14,헤르만아트홀,서양음악(클래식)
PF244409,"심성욱 두 번째 대금독주회: 경, 풍, 연",2024.07.23,2024.07.23,국립국악원,한국음악(국악)
PF244408,일곱마리 아기염소와 늑대 [천안],2024.07.20,2024.07.21,홈플러스 [천안신방점],연극
PF244407,안동에 와봤니껴?! [안동],2024.07.12,2024.07.13,안동문화예술의전당,연극
PF244406,"이주미 & 조연희 듀오 콘서트, 민족정서 시리즈 Ⅰ",2024.07.10,2024.07.10,일신홀,서양음악(클래식)
PF244405,스텝: 춤추는 발자국,2024.04.22,2024.12.31,명보아트홀,뮤지컬
PF244404,팡타구뤼엘의 파티 Vo.3 이랑 / 모어 / 호와호: 이야기,2024.07.20,2024.07.20,복합문화공간에무,대중음악
PF244400,"우리동네 사랑방에서는, 해설과 함께하는 누구나 탭댄스! [인천 부평]",2024.07.12,2024.07.12,부평문화사랑방,대중무용
PF244398,유리거울 [아산],2024.07.19,2024.07.20,삼동소극장,연극
PF244385,뒤란 (07.10),2024.07.10,2024.07.10,울산문화예술회관,대중음악
PF244384,여행을 떠나: 나랑 같이 여행 갈래요?,2024.07.12,2024.07.13,모두예술극장,뮤지컬
PF244380,한낮의 유U;콘서트: K팝페라 갈라 콘서트 (7월),2024.07.17,2024.07.17,(재)영화의전당,서양음악(클래식)
PF244378,"제21회 서울국제무용콩쿠르, 컨템포러리 & 안무 페스티벌",2024.07.12,2024.07.12,마포아트센터,무용
PF244376,"봉산문화회관 20주년기념 기획공연, 대구관악합주단 초청연주회: 팡파르 오브 패션 (Fanfare of Passion)",2024.07.20,2024.07.20,봉산문화회관,서양음악(클래식)
PF244373,나와 몬스터 그리고 가방 [보성],2024.07.04,2024.07.04,보성군문화예술회관,연극
PF244370,몬더그린,2024.07.07,2024.07.13,피사체 LAB,연극
PF244369,박강수 콘서트: 쉼 [서울],2024.07.21,2024.07.21,베짱이홀,대중음악
PF244364,가정식 백반 맛있게 먹는 법 [당진],2024.07.19,2024.07.20,당진문예의전당,연극
PF244361,마술피리: 희망의 메아리 [상주],2024.07.20,2024.07.20,상주문화회관,서양음악(클래식)
PF244357,"최영림의 음악으로 더불어창작프로젝트 Part 2, 놀자 [춘천]",2024.07.03,2024.07.03,춘천문화예술회관,복합
PF244353,제16회 고양예술고등학교 무용과 정기공연,2024.07.12,2024.07.12,고양아람누리,무용
PF244345,"ACC 수요극장, 두 바퀴 자전거",2024.07.17,2024.07.17,국립아시아문화전당,서커스/마술
PF244344,"풍류가객 김용우의 이음: 전통과 현대를 잇는 이음, 어제와 오늘을 잇는 이음",2024.07.10,2024.07.10,송해아트홀,한국음악(국악)
PF244343,"유윤주 가야금 독주회: 줄 (絃) , 잇다 Ⅴ. 남도음악의 소릿결",2024.07.16,2024.07.16,국립국악원,한국음악(국악)
PF244336,"오페라 아리아의 밤Ⅰ, 푸치니 & 도니제티",2024.07.06,2024.07.06,비원뮤직홀,서양음악(클래식)
PF244333,"제891회 전남도립국악단 토요가무악희 시즌3, 그린국악",2024.07.06,2024.07.06,남도소리울림터,한국음악(국악)
PF244331,"제28회 굿모닝콘서트, 오보에 권성은의 The mood of the oboe",2024.07.19,2024.07.19,을숙도문화회관,서양음악(클래식)
PF244318,보글보글 버블쇼 비눗방울 타이푼,2024.07.01,2024.08.31,스파더스페이스,서커스/마술
PF244317,"굿음악축제, 운수대통 만사형통 굿!: 부천성주굿",2024.07.06,2024.07.06,국립남도국악원,한국음악(국악)
PF244315,아이뮤직국제피아노콩쿠르 피아노 마스터 클래스 [인천],2024.07.16,2024.07.16,아트센터 인천,서양음악(클래식)
PF244313,반도네온 듀오 Pasquale Stafano & Gianni Iorio 내한공연 [대전],2024.07.13,2024.07.13,아트브릿지,대중음악
PF244312,박민정의 만정제 춘향가,2024.07.14,2024.07.14,국립국악원,한국음악(국악)
PF244311,아기 돼지 삼형제 [창원],2024.07.01,2024.08.31,스파더스페이스,뮤지컬
PF244308,"수림 공동기획 시리즈 넛지, 그레이 바이 실버 단독 공연: 민족의 노래",2024.07.20,2024.07.20,김희수아트센터,대중음악
PF244306,제13회 뮤지칸테 정기연주회: 슈베르트와 홍난파,2024.07.20,2024.07.20,수성아트피아,서양음악(클래식)
PF244304,"먼데이프로젝트 시즌7, OUR SUMMER: 적란운 단독 콘서트",2024.07.22,2024.07.22,클럽온에어,대중음악
PF244301,"제6회 불휘기픈소리, 정예주의 가야금: 초심으로부터",2024.07.17,2024.07.17,선릉아트홀(구. 아트홀 가얏고을),한국음악(국악)
PF244300,"서른한번째 스윙-바이, 자유즉흥연주",2024.07.13,2024.07.13,음악공간 중력장,대중음악
PF244299,"한글음악집현전 시리즈3, 마법글자 한글: 뮤직 & 매직밴드를 만나다! [경북]",2024.07.20,2024.07.20,예술마을 민아트홀,복합
PF244298,수업 [부산],2024.07.10,2024.07.14,가온아트홀 [부산],연극
PF244296,"울산시립청소년교향악단 기획연주회, 솔리스트 음악회 [울산]",2024.07.20,2024.07.20,울산문화예술회관,서양음악(클래식)
PF244295,롱앤민보컬아카데미 성인반 공연: 내 이번 클라우드 [안산],2024.07.13,2024.07.13,보노마루,대중음악
PF244291,"젊은 체홉의 대실패작, 숲귀신",2024.07.11,2024.07.28,안똔체홉극장,연극
PF244281,"3DIVA 콘서트: 정선아, 차지연, 홍지민 [함양]",2024.07.18,2024.07.18,함양문화예술회관,뮤지컬
PF244275,친애하는 당신에게 [대학로],2024.07.12,2024.07.14,성균소극장,연극
PF244274,코리아로얄오케스트라 여름음악회,2024.07.14,2024.07.14,성남아트센터,서양음악(클래식)
PF244272,우연히 봄을 만나다,2024.07.23,2024.08.10,엠스테이지(구.인사아트홀),뮤지컬
PF244265,"우드 톤 재즈 트리오, 일상 재즈 [경주]",2024.07.06,2024.07.06,파티룸 윤슬,대중음악
PF244263,팔리아치 [부산],2024.07.19,2024.07.20,을숙도문화회관,서양음악(클래식)
PF244258,제12회 영남교사플루트오케스트라 정기연주회,2024.07.20,2024.07.20,대구학생문화센터,서양음악(클래식)
PF244256,"무드 콘서트, 앙상블 루치아 현악 4중주",2024.07.20,2024.07.20,필슈파스,서양음악(클래식)
PF244254,"The Bach Series Ⅴ, Baroque and Modern",2024.07.14,2024.07.14,스튜디오 바이탈 바이브,서양음악(클래식)
PF244252,제12회 나는 연출이다: Romeo & Juliet,2024.07.13,2024.07.14,용천지랄소극장,연극
PF244249,제18회 DIMF 어워즈 [대구],2024.07.08,2024.07.08,대구오페라하우스,서양음악(클래식)
PF244247,"악기야놀자, 신나는 여름 (7월)",2024.07.20,2024.07.21,충무아트센터,서양음악(클래식)
PF244242,제1회 인천시립소년소녀합창단 정기연주회,2024.07.20,2024.07.20,아트센터 인천,서양음악(클래식)
PF244240,에쿠우스 [금산],2024.07.18,2024.07.18,금산다락원 생명의집,연극
PF244238,수상한 흥신소 [문경],2024.07.12,2024.07.13,문경문화예술회관,연극
PF244237,브랜든리 심포니 콘서트: 너의 이름은 & 스즈메의 문단속 [의성],2024.07.18,2024.07.18,의성문화회관,서양음악(클래식)
PF244232,어수민의 완창판소리: 보성소리 심청가,2024.07.07,2024.07.07,송해아트홀,한국음악(국악)
PF244231,공명 콘서트: 별 헤는 밤 빼앗긴 들에서 꽃처럼 침묵을 깨다 [철원],2024.07.18,2024.07.18,철원군 화강문화센터,한국음악(국악)
PF244230,"쌀롱드무지끄, Opera Up Close",2024.07.14,2024.07.14,쌀롱드무지끄,서양음악(클래식)
PF244227,"소금창고 개방 vol. 4, 여름날의 생각",2024.07.21,2024.07.21,벨로주 [홍대] (구. 왓에버),대중음악
PF244226,동춘서커스 쇼 [김제],2024.07.12,2024.07.12,김제문화예술회관,서커스/마술
PF244220,프로포즈 [부산],2024.07.12,2024.07.14,해운대문화회관,연극
PF244217,오늘도 아이돌 vol.7,2024.07.18,2024.07.18,옥타바리움 라이브홀,대중음악
PF244214,수상한스테이지 (07.12),2024.07.12,2024.07.12,수상한창고,대중음악
PF244213,써머 브릿지엠 콘서트,2024.07.12,2024.07.12,이니스프리 디아일,서양음악(클래식)
PF244212,"제11회 대한민국 신진연출가전 브릿지 페스타: 디아, 다크 문",2024.07.20,2024.07.21,삼일로창고극장,연극
PF244211,김수지 귀국 플루트 독주회 [대구],2024.07.16,2024.07.16,대구콘서트하우스,서양음악(클래식)
PF244207,해설이 있는 앙상블플레이리스트,2024.07.05,2024.07.05,반포심산아트홀,서양음악(클래식)
PF244206,제1247회 30주년기념 특별 금요음악회,2024.07.12,2024.07.12,서초문화예술회관(구. 서초구민회관),서양음악(클래식)
PF244203,쪽빛황혼 [횡성],2024.07.20,2024.07.20,횡성문화예술회관,연극
PF244188,"제18회 뉴던 정기연주회 K-Classic, 한국을 그리다",2024.07.19,2024.07.19,대전시립연정국악원,서양음악(클래식)
PF244186,"이선경 무용단 정기공연, 트윈스 [대구]",2024.07.19,2024.07.19,봉산문화회관,복합
PF244183,"유럽피안이 사랑한 재즈, 마드모아젤S [대전]",2024.07.06,2024.07.06,옐로우택시,대중음악
PF244180,줄리하프 코리아 앙상블 창단 연주회 [부산],2024.07.06,2024.07.06,해운대문화회관,서양음악(클래식)
PF244177,집들이 콘서트 #40. 이건 홍보가 아냐,2024.07.08,2024.07.08,티오엠씨어터(구. 문화공간필링),뮤지컬
PF244176,패스 [광주],2024.07.20,2024.07.20,광산문화예술회관,연극
PF244171,안내놔? 못내놔! [대학로],2024.07.18,2024.07.28,피카소소극장,연극
PF244165,ADJD: All Day Jazz Day,2024.07.20,2024.07.20,SPACE SODA2002,대중음악
PF244159,"아트캠프, 패밀리 펀펀데이",2024.07.06,2024.07.06,대구서구문화회관,복합
PF244156,아이뮤직국제피아노콩쿠르 오프닝 갈라 콘서트 [인천],2024.07.14,2024.07.14,아트센터 인천,서양음악(클래식)
PF244150,임동민 피아니스트 리사이틀 [인천],2024.07.21,2024.07.21,아트센터 인천,서양음악(클래식)
PF244149,바수니스트 김민주의 Beautiful Wind Ⅰ,2024.07.08,2024.07.08,칸타빌레 클래식 아트홀,서양음악(클래식)
PF244144,"슬기로운 밴드공연, SUPER ROCK [청주]",2024.07.07,2024.07.07,지직공연장,대중음악
PF244143,인어공주 [광주],2024.07.01,2024.07.31,롯데마트 [월드컵],뮤지컬
PF244139,제3회 듀오 토니카 정기 연주회,2024.07.12,2024.07.12,일신홀,서양음악(클래식)
PF244134,"선데이콘서트, 트리오 이백이 [인천]",2024.07.07,2024.07.07,엘림아트센터,서양음악(클래식)
PF244133,"제3회 다음소리 음악축제, 다음소리 concert 2",2024.07.11,2024.07.11,JCC 아트센터,서양음악(클래식)
PF244132,새는 날아가고 [대전],2024.07.19,2024.07.28,작은극장 다함,연극
PF244130,"팔방미 프로젝트, 온고지신",2024.07.20,2024.07.20,소담아트홀,한국음악(국악)
PF244127,이쇼 with 연남장 캬바레,2024.07.15,2024.08.26,연남장,뮤지컬
PF244126,"The Strangers Strange Songs, 이방인의 낯선 노래 BY 서린사랑",2024.07.20,2024.07.20,서울돈화문국악당,복합
PF244125,공중전화 [아산],2024.07.12,2024.07.13,삼동소극장,연극
PF244118,"제6회 불휘기픈소리: 이예진의 가야금, 현 (絃) 풀이",2024.07.11,2024.07.11,선릉아트홀(구. 아트홀 가얏고을),한국음악(국악)
PF244117,HeyMen X HYANG X 828 여름 콘서트: Summer Breeze,2024.07.13,2024.07.13,CJ아지트 광흥창,대중음악
PF244115,"Beyond LIVE, THE BOYZ WORLD TOUR: ZENERATION Ⅱ",2024.07.14,2024.07.14,온라인,대중음악
PF244113,남산 국악의 밤,2024.07.05,2024.08.23,남산골한옥마을,한국음악(국악)
PF244112,DECIDE - Chapter 1,2024.07.05,2024.07.05,예술의전당 [서울],서양음악(클래식)
PF244111,"제12회 서울단편극 페스티벌, 우연의 바다를 찾아다니는 조류 조련사에 대한 전설 & 로봇 갈릴레이",2024.07.06,2024.07.07,씨어터조이 (구. 마당세실극장),연극
PF244109,"키즈예술공연, 목 짧은 기린 지피 (7월)",2024.07.20,2024.07.20,강남씨어터,연극
PF244108,"제12회 서울단편극 페스티벌, 현실 나라, 낭만 공주! & 카푸치노와 아메리카노",2024.07.02,2024.07.04,동숭무대소극장,연극
PF244106,신 홍길동전 [성남],2024.07.18,2024.07.21,성남아트센터,뮤지컬
PF244104,빵굽는 포포 아저씨 [충주],2024.07.10,2024.07.10,충주시문화회관,뮤지컬
PF244103,뽀로로와 친구들의 드림콘서트: 잃어버린 꿈을 찾아서 [안산],2024.07.13,2024.07.14,안산문화예술의전당,뮤지컬
PF244102,"I.CON: FANNSTAR CONCERT, BE THE NEXT I-CON 2nd. ONEPACT",2024.07.14,2024.07.14,스카이아트홀,대중음악
PF244096,"한경arte필하모닉 더클래식 시리즈6, 지휘 최수열 & 바이올린 조진주",2024.07.10,2024.07.10,예술의전당 [서울],서양음악(클래식)
PF244094,Tire Imprint [대학로],2024.07.12,2024.07.14,"시온아트홀 (구. JK아트홀, 구. 샘아트홀)",연극
PF244089,"제27회 한국가곡연구회 정기연주회, 음악 속 드라마 보기 [부산]",2024.07.16,2024.07.16,금정문화회관,서양음악(클래식)
PF244087,하효경 피아노 독주회,2024.07.05,2024.07.05,금호아트홀 연세,서양음악(클래식)
PF244086,TACHYON Z Upgrade Showcase: POWER ON vol.2,2024.07.13,2024.07.13,프리즘홀(프리즘플러스),대중음악
PF244085,지브리 & 디즈니 영화음악 콘서트 [대구],2024.07.21,2024.08.11,스테이지엠 (STAGE M) (구.프란츠홀),서양음악(클래식)
PF244084,"제6회 피아노앙상블 쥬벨 정기연주회, The Planets",2024.07.05,2024.07.05,일신홀,서양음악(클래식)
PF244082,김주영 & 김원민 LAETUS DUO: Sweet Suite [부산],2024.07.15,2024.07.15,해운대문화회관,서양음악(클래식)
PF244081,"프롬 단독 콘서트, Fromm. Forest",2024.07.20,2024.07.21,성수아트홀(성수문화복지회관),대중음악
PF244079,"쌀롱드무지끄: Bach, back to back",2024.07.10,2024.07.10,쌀롱드무지끄,서양음악(클래식)
PF244078,제4회 카파츠 그린나래 합창단 정기공연: 사랑 그 아름다움,2024.06.29,2024.06.29,고양아람누리,서양음악(클래식)
PF244077,향교품바 [대구],2024.06.25,2024.06.30,예전아트센터,연극
PF244075,마법의정원 샌드아트 체험전: 빛과 모래의 합창,2024.05.04,2024.12.29,마법의정원,서커스/마술
PF244074,소울 첼로 앙상블 정기연주회,2024.07.18,2024.07.18,예술의전당 [서울],서양음악(클래식)
PF244073,수상한스테이지 (07.19),2024.07.19,2024.07.19,수상한창고,대중음악
PF244072,"제6회 불휘기픈소리, 박지원의 가야금: 당무유용 (當無有用)",2024.07.06,2024.07.06,선릉아트홀(구. 아트홀 가얏고을),한국음악(국악)
PF244070,"제12회 서울단편극 페스티벌, 美化 아름답게 가꾸다 / 류씨부인 표류기",2024.07.02,2024.07.04,씨어터조이 (구. 마당세실극장),연극
PF244069,천일야화,2024.07.08,2024.07.26,공간춤,무용
PF244065,"제3회 보편적이지만은 않은 극적무대, 기억을 걷는 시간",2024.07.18,2024.07.28,극장 봄 (봄소극장),연극
PF244057,제2회 앙상블 가휘 정기연주회,2024.07.15,2024.07.15,금호아트홀 연세,서양음악(클래식)
PF244055,"알프 (aLf) 단독콘서트, 움켜쥐다",2024.07.06,2024.07.06,대원 팝콘D 스퀘어,대중음악
PF244050,Behind the Moon 쇼케이스,2024.07.20,2024.07.22,충무아트센터,뮤지컬
PF244049,박계전 피리독주회: 피리Ⅳ,2024.07.02,2024.07.02,국립국악원,한국음악(국악)
PF244048,"문학시어터 화요수업, MUSICAL With ME 1기 발표공연",2024.06.29,2024.06.29,문학시어터,서양음악(클래식)
PF244044,빠스꽐레 스타파노 그리고 지안니 이오리오 [서울],2024.07.14,2024.07.14,벨로주 [홍대] (구. 왓에버),서양음악(클래식)
PF244043,신데렐라 [당진],2024.07.20,2024.07.20,당진문예의전당,뮤지컬
PF244042,제9회 정혜진 클라리넷 독주회: 정서적 교감 [대구],2024.07.20,2024.07.20,대구콘서트하우스,서양음악(클래식)
PF244041,정담온 클라리넷 독주회,2024.07.23,2024.07.23,금호아트홀 연세,서양음악(클래식)
PF244039,제2회 일 피노 콰이어 정기연주회,2024.06.29,2024.06.29,부천아트센터,서양음악(클래식)
PF244037,"제2회 스타아트 연극제 경연작, 래러미 프로젝트",2024.07.17,2024.07.18,씨어터조이 (구. 마당세실극장),연극
PF244031,"국창 조상현 선생님의 제자, 이성현의 적벽가 완창 발표회",2024.07.07,2024.07.07,국립국악원,한국음악(국악)
PF244030,윤일수 귀국 피아노 독주회 [대전],2024.07.09,2024.07.09,대전시립연정국악원,서양음악(클래식)
PF244029,현앙상블 챔버시리즈 4: 동유럽의 낭만,2024.07.14,2024.07.14,알에스엠타워(RSM타워),서양음악(클래식)
PF244028,"소중한하루의 상상극장 두번째 PAGE, 88과 89 사이",2024.07.06,2024.07.06,대학로 마로니에소극장(플레이더씨어터),연극
PF244025,성해라 플루트 리사이틀,2024.07.17,2024.07.17,예술의전당 [서울],서양음악(클래식)
PF244024,우리가 사랑한 한국 드라마 OST 콘서트 에피소드 1 [대구],2024.07.13,2024.07.13,스테이지엠 (STAGE M) (구.프란츠홀),서양음악(클래식)
PF244022,"쌀롱드무지끄, 살롱바람 속의 선율: 피아졸라와 보로딘의 밤",2024.07.08,2024.07.08,쌀롱드무지끄,서양음악(클래식)
PF244021,사형수는 울었다 [대학로],2024.07.18,2024.08.04,스타스테이지,뮤지컬
PF244018,"문래재즈IN, 연중기획: 진영환 퀸텟",2024.07.13,2024.07.13,문래재즈IN,대중음악
PF244017,제157회 군산시립교향악단 정기연주회: 드보르작 in 군산,2024.07.18,2024.07.18,군산예술의전당,서양음악(클래식)
PF244016,불나비 (앵콜),2024.07.03,2024.07.14,극장 동국,연극
PF244014,"춘천실내악페스티벌, Ivan Stolbov & 김자란",2024.07.21,2024.07.21,예나아트홀,서양음악(클래식)
PF244004,알라딘과 요술램프 [서산],2024.07.10,2024.07.10,서산시문화회관,뮤지컬
PF243999,JUMP 점프 [장성],2024.07.09,2024.07.09,장성문화예술회관,뮤지컬
PF243998,물고양이,2024.07.11,2024.09.29,맥거핀 서교,연극
PF243997,참음악 작곡가 시리즈 Ⅰ: 슈트라우스의 밤,2024.06.28,2024.06.28,"SCC홀(구. DS홀, 구. 서울바로크챔버홀)",서양음악(클래식)
PF243996,김규희 피아노 독주회,2024.07.16,2024.07.16,예술의전당 [서울],서양음악(클래식)
PF243995,"피아노 두오 秀 리사이틀, 음악이 주는 선물 ⅩⅠⅩ: 사랑과 열정 [전남]",2024.07.20,2024.07.20,순천문화예술회관,서양음악(클래식)
PF243993,"제16회 SIMF 대구, 노래잇 잇다: 고음악산책, 이탈리아풍 바로크 [대구]",2024.07.21,2024.07.21,공간울림연주홀,서양음악(클래식)
PF243992,미드나잇 드라이브,2024.07.06,2024.07.06,후케즈,대중음악
PF243990,"고영철 첼로 리사이틀, Cello in Blue [청주]",2024.07.17,2024.07.17,북문누리아트홀,서양음악(클래식)
PF243987,뽀로로와 친구들의 드림콘서트: 잃어버린 꿈을 찾아서 [수원],2024.07.06,2024.07.07,경기아트센터(구. 경기도문화의전당),뮤지컬
PF243986,양파의 매직코트 [세종],2024.07.18,2024.07.18,세종예술의전당,서양음악(클래식)
PF243980,"충청의 판소리 중고제 토크콘서트, 중고제살롱 [공주]",2024.07.20,2024.07.20,공주문예회관,한국음악(국악)
PF243973,제40회 예원학교 정기연주회,2024.07.17,2024.07.17,서울아트센터,서양음악(클래식)
PF243972,네미시스 라이브 콘서트: 여름 편지,2024.07.20,2024.07.20,웨스트브릿지 라이브홀,대중음악
PF243970,무지카 클래시카 Ⅴ. 큐레이터첼리스트 윤지원과 함께하는 음악회: 예술가의 하루,2024.07.13,2024.07.13,카페드바로크,서양음악(클래식)
PF243968,"제16회 SIMF 대구, 노래로 잇다: 재즈밴드 O'Band, 동요로 만나는 재즈 [대구]",2024.07.23,2024.07.23,공간울림연주홀,대중음악
PF243967,어린이 캣츠 [파주],2024.07.21,2024.07.21,파주운정행복센터,뮤지컬
PF243966,이지선 피아노 독주회,2024.07.17,2024.07.17,예술의전당 [서울],서양음악(클래식)
PF243961,소녀가 소녀에게 [청주],2024.07.20,2024.07.21,김수현드라마아트홀,연극
PF243960,"제16회 SIMF 대구, 노래로 잇다, 개막공연: Ciao! Musica Italiana!",2024.07.20,2024.07.20,대구콘서트하우스,서양음악(클래식)
PF243959,이재완 피아노 독주회,2024.07.05,2024.07.05,영산아트홀,서양음악(클래식)
PF243958,"쌀롱드무지끄, 선율의 시공",2024.07.11,2024.07.11,쌀롱드무지끄,서양음악(클래식)
PF243956,빨강머리 토리: 토리의 수상한 가방 [수원],2024.07.17,2024.09.29,KBS 수원아트홀,뮤지컬
PF243954,이솝이 들려주는 이야기 이솝,2024.07.02,2024.08.31,송파어린이문화회관,연극
PF243952,반도네온 듀오 Pasquale Stafano & Gianni Iorio 내한공연,2024.07.14,2024.07.14,벨로주 [홍대] (구. 왓에버),대중음악
PF243948,"Summer Sunset, 밴드기린 x 하터 댄 줄라이",2024.07.19,2024.07.19,KT&G 상상마당 라이브홀 [부산],대중음악
PF243946,"네덜란드밴드 내한공연, Sam Ghezzi Band [서울]",2024.07.18,2024.07.18,재즈클럽 그루브,대중음악
PF243945,"무드 콘서트, 앙상블 클라온",2024.07.06,2024.07.06,필슈파스,서양음악(클래식)
PF243944,벽을 뚫고 나온 꽃 [과천],2024.07.20,2024.07.20,과천시민회관,복합
PF243942,"토요재즈살롱 LIVE IN 인천 송도, 허원무 QUARTET",2024.06.29,2024.06.29,카페와안,대중음악
PF243941,뒤란 (07.03),2024.07.03,2024.07.03,울산문화예술회관,대중음악
PF243940,"제6회 부산발레페스티벌, Youth Ballet 청소년발레",2024.07.06,2024.07.06,(재)영화의전당,무용
PF243938,24세대공감음악회,2024.06.28,2024.06.28,고양아람누리,서양음악(클래식)
PF243932,피터팬 [부천],2024.07.13,2024.07.14,현대백화점 문화홀 [중동],뮤지컬
PF243919,"제6회 부산발레페스티벌, Shall we Ballet",2024.07.06,2024.07.06,(재)영화의전당,무용
PF243915,"WOOAH FAN CONCERT, WOOAH LAND [서울]",2024.07.20,2024.07.20,예스24 라이브홀 (구. 악스코리아),대중음악
PF243910,SUBITO 경계의음악,2024.06.28,2024.06.28,DSM 아트홀,한국음악(국악)
PF243906,"하모나이즈 콘서트, School of Choir [울산]",2024.07.06,2024.07.07,울산광역시학생교육문화회관,대중음악
PF243905,예술가의 선택 [청주],2024.07.06,2024.07.06,예술나눔 터,연극
PF243903,영화 애수를 사랑한 젊은이,2024.06.26,2024.06.26,국립극장,뮤지컬
PF243895,"한국 창작동요 100주년 기념 작곡 발표회, 창작동요의 여정: 마음에서 마음으로 [대구]",2024.06.29,2024.06.29,스트림 도미넌트 홀,서양음악(클래식)
PF243894,"굿음악축제, 운수대통 만사형통 굿!: 진도다시래기, 진도만가",2024.07.07,2024.07.07,국립남도국악원,한국음악(국악)
PF243889,"제2회 스타아트 연극제 경연작, 해피메타버스데이",2024.07.20,2024.07.21,씨어터조이 (구. 마당세실극장),연극
PF243885,"광주시립발레단 초청공연, 해설이 있는 발레",2024.07.19,2024.07.20,광주북구문화센터(양산도서관),무용
PF243884,이지혜 귀국 피아노 독주회,2024.07.10,2024.07.10,금호아트홀 연세,서양음악(클래식)
PF243882,"서구愛마토콘서트, 마당놀이 오페라 춘향전",2024.06.29,2024.06.29,대구서구문화회관,서양음악(클래식)
PF243880,오케스트라로 듣는 My Legendary Pops [제주],2024.07.21,2024.07.21,서귀포예술의전당,서양음악(클래식)
PF243878,"부산시립예술단 토크오페라, 마술피리",2024.07.04,2024.07.05,부산문화회관,서양음악(클래식)
PF243875,이귀란 피아노 독주회,2024.07.16,2024.07.16,세종문화회관,서양음악(클래식)
PF243874,"제35회 대구국제현대음악제, 플랙스 앙상블 리딩세션",2024.06.28,2024.06.28,대구콘서트하우스,서양음악(클래식)
PF243873,"위수 단독공연, LOVE ON AIR",2024.07.13,2024.07.13,DSM 아트홀,대중음악
PF243871,사칠 [홍성],2024.07.11,2024.07.12,홍주문화회관,뮤지컬
PF243868,박민희 피아노 독주회,2024.06.28,2024.06.28,금호아트홀 연세,서양음악(클래식)
PF243866,박미정 초청 피아노 리사이틀 [부산],2024.07.01,2024.07.01,대동대학교 한울관,서양음악(클래식)
PF243863,나의 PS파트너 [대구],2024.07.20,2024.09.22,여우별아트홀,연극
PF243862,삼막사장 [대학로],2024.07.12,2024.08.04,대학로 마로니에소극장(플레이더씨어터),연극
PF243861,디즈니 & 지브리 스튜디오 심포니 페스티벌 [성남],2024.07.06,2024.07.06,성남아트센터,서양음악(클래식)
PF243860,"제6회 불휘기픈소리, 민지원의 아쟁: 유지경성",2024.07.10,2024.07.10,선릉아트홀(구. 아트홀 가얏고을),한국음악(국악)
PF243858,"제196회 광주시립합창단 정기연주회, 여름밤의 휴식",2024.07.19,2024.07.19,예술의 전당 [광주] (구. 광주문화예술회관),서양음악(클래식)
PF243857,"줄라이 페스티벌, 슈만이라는 바다: 백진주, 정지원, 정찬연 외",2024.07.17,2024.07.17,예술가의 집,서양음악(클래식)
PF243856,BIFAN 전야제 영화음악 콘서트,2024.07.03,2024.07.03,부천아트센터,서양음악(클래식)
PF243854,"제35회 대구국제현대음악제, DCMF 앙상블 연주회",2024.06.27,2024.06.27,대구콘서트하우스,서양음악(클래식)
PF243852,"부산소극장오페라축제, 돈 파스콸레",2024.07.12,2024.07.13,금정문화회관,서양음악(클래식)
PF243848,보이체크: B: 마리 [대학로],2024.07.05,2024.07.07,창조소극장 (구. 민아트홀),연극
PF243845,"BADA, THE OCEAN CONCERT: PINK SUMMER DREAM [서울]",2024.07.21,2024.07.21,백암아트홀,대중음악
PF243844,A와 I가 추어주는 판소리,2024.07.05,2024.07.05,한국문화의집 KOUS,한국음악(국악)
PF243838,"디오오케스트라 기획공연, 꿈과 노래 [대구]",2024.07.13,2024.07.13,대구오페라하우스,서양음악(클래식)
PF243836,휴먼코메디 [대학로],2024.07.03,2024.07.21,소극장 플랫폼74,연극
PF243835,"재즈앳에무, 임용훈 X 변박요정 (07.19)",2024.07.19,2024.07.19,복합문화공간에무,대중음악
PF243830,"DCMF (9) , Lecture Concert2: 클라리네티스트 최용기 [대구]",2024.06.28,2024.06.28,대구콘서트하우스,서양음악(클래식)
PF243831,"호기심 많은 고양이, 피코 시즌4 [춘천]",2024.07.20,2024.07.21,소극장 여우,연극
PF243832,"제4회 소리로 잇다, 전통과 현대 그리고 서울",2024.07.12,2024.07.12,세종문화회관,서양음악(클래식)
PF243828,"한국기타협회 기획공연시리즈 Ⅲ, 기타로 듣는 시 그리고 한국민요: 마중 나온 천국",2024.07.20,2024.07.20,세종문화회관,서양음악(클래식)
PF243827,공명콘서트: 별 헤는 밤 빼앗긴 들에서 꽃처럼 침묵을 깨다 [부산],2024.07.20,2024.07.20,동래문화회관,한국음악(국악)
PF243826,"수아레콘서트, 김태우와 하고 싶은 말",2024.07.19,2024.07.19,성남아트센터,대중음악
PF243820,겨울왕국: 겨울이야기 [충주],2024.07.21,2024.07.21,호암예술관,뮤지컬
PF243819,재즈앳에무 X 자라섬재즈페스티벌 Part.5: 임계점 & 로우리버 (07.13),2024.07.13,2024.07.13,복합문화공간에무,대중음악
PF243816,"제35회 대구국제현대음악제, 비올리스트 변정인",2024.06.28,2024.06.28,대구콘서트하우스,서양음악(클래식)
PF243814,Don't Mute Your Music OPENING CEREMONY by. Lacuna: Special Guest Television Off [서울],2024.07.05,2024.07.05,KT&G 상상마당 라이브홀 [마포],대중음악
PF243812,"제35회 대구국제현대음악제, 트리오 캐치 리딩세션",2024.06.28,2024.06.28,대구콘서트하우스,서양음악(클래식)
PF243811,"제11회 월남참전 60주년 기념공연, 향수",2024.07.03,2024.07.03,국립부산국악원,한국음악(국악)
PF243809,스프레이 [김제],2024.07.04,2024.07.06,김제문화예술회관,연극
PF243808,고릴라 [서울 성북],2024.07.20,2024.07.28,현대백화점 문화홀 [미아],뮤지컬
PF243807,울림의 순간: 클래식 & 토토로 영화음악 콘서트 [고양],2024.07.20,2024.07.20,고양아람누리,서양음악(클래식)
PF243805,"재즈로 푸른 밤 저 별아래 시리즈 1, 보사노바 & 탱고 재즈 나잇 [과천]",2024.07.20,2024.07.20,과천시민회관,대중음악
PF243804,매직 헌터의 아트매직쇼 [의정부],2024.07.06,2024.07.07,우리소극장 [의정부],서커스/마술
PF243802,예림회 피아노 듀오 시리즈 ⅩⅢ,2024.07.03,2024.07.03,금호아트홀 연세,서양음악(클래식)
PF243797,앙상블 로맨티코 콘서트,2024.07.17,2024.07.17,세종문화회관,서양음악(클래식)
PF243790,최후의 남자 [대구],2024.07.16,2024.08.11,우전소극장,연극
PF243789,제7회 천희영 독주회 [안산],2024.07.13,2024.07.13,안산문화예술의전당,한국음악(국악)
PF243788,매직랜드 블루밍라이트 [부천],2024.07.13,2024.08.17,디라이트 아트 홀,서커스/마술
PF243786,매직랜드 매직벌룬쇼 [야탑],2024.07.20,2024.08.18,바른아트센터,서커스/마술
PF243785,"자라섬재즈 서칭포재즈맨 시즌2, 내 생애 첫 전국투어 [전주]",2024.07.12,2024.07.13,마일스톤즈,대중음악
PF243784,제4회 라실용음악학원 정기공연: Song for you,2024.06.30,2024.06.30,몽향라이브홀,대중음악
PF243781,"인디神페스티벌, 너드커넥션 (Nerd Connection)",2024.07.20,2024.07.20,어울아트센터(구. 대구북구문예회관),대중음악
PF243780,아에르트리오 첫번째 이야기,2024.07.06,2024.07.06,아틱아트홀,서양음악(클래식)
PF243777,"인디神 페스티벌, 라쿠나",2024.07.19,2024.07.19,어울아트센터(구. 대구북구문예회관),대중음악
PF243776,안치환과 함께 하는 평화음악회 [경기],2024.07.20,2024.07.20,안성맞춤아트홀,대중음악
PF243775,한여름의 랩소디 [원주],2024.06.29,2024.06.30,어울림소극장 [원주],연극
PF243772,"김영희춤연구소, 소고놀음4 허튼",2024.07.17,2024.07.17,남산골한옥마을,무용
PF243771,701호 [서산],2024.07.10,2024.07.13,서산시문화회관,연극
PF243767,"광안살롱위켄드, Trio D: Dear, Summer (07.14)",2024.07.14,2024.07.14,필슈파스,서양음악(클래식)
PF243760,행방불명 복수 해결사,2024.07.12,2024.07.13,카페 디어아크,뮤지컬
PF243758,재즈앳에무 Ⅹ 자라섬재즈페스티벌 Part.4: 박성은 트리오 & 유동혁 트리오,2024.07.12,2024.07.12,복합문화공간에무,대중음악
PF243756,"쌀롱드무지끄, Summer",2024.07.06,2024.07.06,쌀롱드무지끄,서양음악(클래식)
PF243755,"모차르트 듀오 전곡시리즈 Ⅱ, 쏘노 앙상블 플러스",2024.07.18,2024.07.18,예술의전당 [서울],서양음악(클래식)
PF243752,"컨템포러리 감성농악, 샤이닝고창",2024.07.06,2024.09.14,동리국악당,한국음악(국악)
PF243751,마술사 제이티의 과학실험실 [김포],2024.07.13,2024.07.13,통진두레문화센터,서커스/마술
PF243745,별 헤는 밤: 위대한 유산 [대학로],2024.06.26,2024.06.30,드림시어터 [대학로],뮤지컬
PF243743,"피크닉#4, 등등곡",2024.07.17,2024.07.19,티오엠씨어터(구. 문화공간필링),뮤지컬
PF243742,알사탕 [포천],2024.07.20,2024.07.20,포천반월아트홀,뮤지컬
PF243741,"제3회 보편적이지많은 않은, 극적무대: 안티고네를 생각하며",2024.07.04,2024.07.14,극장 봄 (봄소극장),연극
PF243739,피아니스트 김명신과 함께 떠나는 한여름밤의 피아노 음악여행,2024.07.23,2024.07.23,세종문화회관,서양음악(클래식)
PF243731,"제2회 스타아트연극제 초청작, 불근노을 0.8",2024.07.08,2024.07.09,씨어터조이 (구. 마당세실극장),연극
PF243727,"제168회 아트엠콘서트, 한여진 플루트 리사이틀",2024.07.18,2024.07.18,서초아트센터,서양음악(클래식)
PF243722,"타임피버 (TimeFeveR) 단독 콘서트, FEVERTIME Vol.1",2024.07.20,2024.07.20,SPACE BRICK (스페이스브릭),대중음악
PF243719,"제158회 두레콘서트, 강은철 콘서트: 그 해 여름의 시작",2024.06.26,2024.06.26,고양아람누리,대중음악
PF243718,ADOBT STAGE: 김오키 새턴발라드 [부산],2024.07.21,2024.07.21,KT&G 상상마당 라이브홀 [부산],대중음악
PF243717,우리의 패러독스,2024.07.03,2024.07.07,몸소리말조아라 센터,연극
PF243714,"창작오페라 낭독음악회, 사막 위 디아스포라",2024.07.04,2024.07.04,소월아트홀(성동문화회관),서양음악(클래식)
PF243713,평화오도록 [인천],2024.07.06,2024.07.07,문학시어터,연극
PF243712,"국립창극단, 토선생 용궁가다 [음성]",2024.07.10,2024.07.10,음성문화예술회관,한국음악(국악)
PF243705,제11회 엘피스콰르텟 정기연주회 [대전],2024.06.28,2024.06.28,대전예술가의집,서양음악(클래식)
PF243699,조남열퀄텟 with 재즈보컬 김유진 [경기],2024.07.13,2024.07.13,구리아트홀,대중음악
PF243698,무대게임,2024.06.28,2024.06.29,상명아트홀,연극
PF243696,모브닝 단독 콘서트: 한숨의 모양 [부산 (앵콜) ],2024.07.13,2024.07.13,KT&G 상상마당 라이브홀 [부산],대중음악
PF243695,"토들러 클래식 콘서트, 영유아 클래식 콘서트: TRAVEL [성남]",2024.07.10,2024.07.28,범 뮤직 스튜디오,서양음악(클래식)
PF243693,스프레이 [울진],2024.07.18,2024.07.18,울진문화예술회관,연극
PF243691,"음악으로 읽는 고전, 한여름 밤의 꿈 [충주]",2024.07.20,2024.07.20,충주시문화회관,서양음악(클래식)
PF243690,유령,2024.07.10,2024.07.11,삼일로창고극장,연극
PF243689,NEW 달을 품은 슈퍼맨 [청송],2024.07.11,2024.07.11,청송군문화예술회관,뮤지컬
PF243687,내게 요행을 바라지 마라,2024.06.29,2024.06.30,서완소극장(구. 씨어터고리),연극
PF243686,우리의 전통 판소리 [경기],2024.06.30,2024.06.30,구리아트홀,한국음악(국악)
PF243685,"제19회 부산국제매직페스티벌, 매직 컨벤션: 도기문 렉쳐",2024.06.29,2024.06.29,부산 디자인센터(디자인진흥원),서커스/마술
PF243684,"목소리 높여, 그분께 PAX 찬양콘서트: NEW WORSHIP",2024.07.13,2024.07.14,대구범어대성당,서양음악(클래식)
PF243683,"서리풀 스크린 클래식, 베를린 필하모닉 발트뷔네 콘서트 (영상화)",2024.07.04,2024.07.04,반포심산아트홀,서양음악(클래식)
PF243681,금토재즈클럽 (7월),2024.07.05,2024.07.27,파닥파닥클럽,대중음악
PF243679,김꽃 10주년 기념 공연: 나의 정원으로 와요,2024.07.13,2024.07.13,구름아래소극장,대중음악
PF243678,"국립심포니오케스트라 X 콩치노 콩크리트, 오프 어라운드 클래식 [경기]",2024.07.13,2024.07.13,콩치노콩크리트,서양음악(클래식)
PF243675,박주원 & 최항석과 부기몬스터: Sweet amore & Sweet my life,2024.07.19,2024.07.19,노들섬,대중음악
PF243674,"춘천실내악페스티벌, 앙상블 예나: C'est parti",2024.07.06,2024.07.06,예나아트홀,서양음악(클래식)
PF243673,"토요재즈살롱 LIVE IN 인천 송도, 박상아 QUARTET",2024.06.22,2024.06.22,카페와안,대중음악
PF243672,"제68회 충주시민의 날 기념공연: 동감, 충주",2024.07.08,2024.07.08,충주시문화회관,서양음악(클래식)
PF243671,"제1회 대한민국 대학연극제, 의자는 잘못없다 [용인]",2024.07.17,2024.07.17,용인시문화예술회관,연극
PF243670,배꼽 잡는 슬로우 [천안],2024.07.06,2024.07.07,천안어린이꿈누리터(구. 천안시 어린이 회관),뮤지컬
PF243669,"제1회 대한민국 대학연극제, 탈: 만세를 외쳐라",2024.07.18,2024.07.18,용인시평생학습관(여성회관),연극
PF243667,"제982회 목요예술무대, Accor-diem in Europe: 유럽, 어디까지 가봤니?",2024.07.11,2024.07.11,강남씨어터,대중음악
PF243666,"제1회 대한민국 대학연극제, 눈이 지고 피는 꽃",2024.07.21,2024.07.21,용인시문화예술회관,연극
PF243664,화음: 비로소 옷깃 여미어 장단을 마주하네,2024.07.16,2024.07.23,한국문화의집 KOUS,한국음악(국악)
PF243663,"제1회 대한민국 대학연극제, 사진하다 [용인]",2024.07.20,2024.07.20,용인시평생학습관(여성회관),연극
PF243662,"제32회 젊은연극제, 사천의 선인",2024.06.28,2024.06.29,공간아울,연극
PF243660,소프라노 김남영 & 바리톤 나건용 듀오콘서트,2024.07.16,2024.07.16,예술의전당 [서울],서양음악(클래식)
PF243659,"국립남도국악원 개원 20주년 기념, 씻김굿",2024.07.05,2024.07.05,국립남도국악원,한국음악(국악)
PF243657,"제2회 스타아트 연극제 경연작, 뼈와 살",2024.07.14,2024.07.15,씨어터조이 (구. 마당세실극장),연극
PF243656,"김명진의 두 번째 해금 독주회, 여름밤의 풍류 Ⅱ: 평조회상",2024.07.09,2024.07.09,국립국악원,한국음악(국악)
PF243652,"진도국악고등학교 국악제: 우리들의 울림, 과거와 현재를 잇다",2024.06.27,2024.06.27,국립남도국악원,한국음악(국악)
PF243651,장영실과 함께하는 별별 GPT [여수],2024.07.19,2024.07.20,예울마루,뮤지컬
PF243650,어린이 마술쇼 [광교],2024.07.20,2024.08.31,매직앤조이 [광교],서커스/마술
PF243647,"제1회 대한민국 대학연극제, 알리체",2024.07.19,2024.07.19,용인문화예술원,연극
PF243646,"제24회 전통예술제전, 무아",2024.07.17,2024.07.17,국립국악원,한국음악(국악)
PF243645,"대구 소극장 페스티벌, 거인의 정원",2024.06.22,2024.06.22,소극장 소금창고,연극
PF243644,"제35회 퍼포먼스 뮤지콘 작곡발표회: 침묵, 그 너머 Ⅱ [서울]",2024.07.13,2024.07.13,예술의전당 [서울],서양음악(클래식)
PF243643,토선생 용궁가다 [김포],2024.07.13,2024.07.13,김포아트홀,한국음악(국악)
PF243642,제5회 우미현 작품발표회,2024.06.29,2024.06.29,예술의전당 [서울],서양음악(클래식)
PF243641,"제6회 불휘기픈소리, 이루리의 거문고: 해현경장解弦更張",2024.07.03,2024.07.03,선릉아트홀(구. 아트홀 가얏고을),한국음악(국악)
PF243637,"제35회 광주음악제, Be Peace 세상을 위한 진혼곡",2024.07.17,2024.07.20,국립아시아문화전당,서양음악(클래식)
PF243636,"춘천 실내악 페스티벌, 브라보 앙상블: 브라보가 노래하는 희망의 소나타",2024.07.18,2024.07.18,예나아트홀,서양음악(클래식)
PF243635,"제1회 대한민국 대학연극제, 지옥",2024.07.21,2024.07.21,용인문화예술원,뮤지컬
PF243633,"정튠 단독 공연, THE WORLD OF TUNIVERSE",2024.07.21,2024.07.21,"플렉스라운지 (구. 스테이라운지, 구. 인디팍)",대중음악
PF243632,정아연 피아노 독주회,2024.07.04,2024.07.04,예술의전당 [서울],서양음악(클래식)
PF243631,"제1회 대한민국 대학연극제: 여기, 우리의 얘기를 쓰겠소",2024.07.22,2024.07.22,용인시평생학습관(여성회관),연극
PF243629,"제1회 대한민국 대학연극제, 다만, 낭만",2024.07.19,2024.07.19,용인시문화예술회관,연극
PF243628,콩쥐팥쥐 [대구],2024.07.03,2024.07.31,대백프라자,연극
PF243620,"The Class+, 플루티스트 데얀 가브리츠",2024.07.23,2024.07.23,신영체임버홀,서양음악(클래식)
PF243615,"제10회 원주어린이극페스티벌, 그레고 인형음악대 / 괴물 신드롬",2024.07.04,2024.07.06,원주중앙청소년문화의집,연극
PF243614,제182회 원주시립교향악단 정기연주회,2024.07.11,2024.07.11,원주치악예술관,서양음악(클래식)
PF243613,"제10회 원주어린이극페스티벌, 도서관 생쥐 / 계단의 아이",2024.07.03,2024.07.05,어울림소극장 [원주],연극
PF243610,"제1회 대한민국 대학연극제, 벽을 뚫는 남자",2024.07.17,2024.07.17,용인문화예술원,뮤지컬
PF243609,"제35회 대구국제현대음악제, 3040 투데이 폐막연주회",2024.06.28,2024.06.28,대구콘서트하우스,서양음악(클래식)
PF243608,흐르는 눈물의 이유를 물을 필요 없지 vol.3 [서울],2024.07.06,2024.07.06,생기 스튜디오,대중음악
PF243606,"제35회 대구국제현대음악제, 플렉스 앙상블 개막연주회",2024.06.26,2024.06.26,대구콘서트하우스,서양음악(클래식)
PF243605,"매드라인 x 날라리와 쟁이, 화합과 교류의 두드림 [대구]",2024.07.13,2024.07.13,대구문화예술회관,복합
PF243602,"월간연주자, 장르탐구 시리즈Ⅰ Fantasy: 김진주 김은수",2024.06.29,2024.06.29,갤러리 디 아르테 청담,서양음악(클래식)
PF243600,변예진 바이올린 독주회,2024.07.20,2024.07.20,거암아트홀,서양음악(클래식)
PF243599,피아니스트 정민정의 Piano Puzzle Ver.9: Monumental,2024.07.09,2024.07.09,예술의전당 [서울],서양음악(클래식)
PF243597,버블매직쇼 [원주],2024.07.20,2024.07.20,원주문화원,서커스/마술
PF243596,버블 매직쇼 [청주],2024.06.29,2024.08.15,더퍼포머 마술극장,서커스/마술
PF243594,"제32회 젊은연극제, 쇼팔로비치 유랑극단",2024.06.26,2024.06.27,선돌극장,연극
PF243593,피아노 트리오 그랑 정기연주회,2024.07.21,2024.07.21,예술의전당 [서울],서양음악(클래식)
PF243592,잠자는 숲속의 미녀 [함안],2024.07.13,2024.07.13,함안문화예술회관,무용
PF243591,울부짖는 장구,2024.06.21,2024.06.21,사각사각 플레이스,연극
PF243589,플루니티 앙상블 세번째 프로젝트: 여름의 첫 날,2024.06.28,2024.06.28,영산아트홀,서양음악(클래식)
PF243588,"쌀롱드무지끄, 몽환",2024.07.06,2024.07.06,쌀롱드무지끄,서양음악(클래식)
PF243587,제8회 플레이어즈 필하모닉 오케스트라 정기연주회 [성남],2024.07.12,2024.07.12,성남아트센터,서양음악(클래식)
PF243585,"로데아트센터 개관 시리즈 Ⅱ, 듀오 비비드 콘서트",2024.07.20,2024.07.20,로데아트센터,서양음악(클래식)
PF243584,"후생가외, 김희원 가야금 독주회: 숲 속에서 온 편지",2024.06.30,2024.06.30,문화공간 아이원,한국음악(국악)
PF243579,디즈니 지브리 클래식 [부산 사상],2024.06.28,2024.06.28,공간523,서양음악(클래식)
PF243577,제3회 온다 앙상블 정기연주회 [천안],2024.07.19,2024.07.19,천안예술의전당,서양음악(클래식)
PF243576,돛단배: 풍경을 흔드는 여인,2024.07.10,2024.07.14,동숭무대소극장,연극
PF243574,여천지무궁 [부산],2024.06.23,2024.06.23,국립부산국악원,한국음악(국악)
PF243572,트리오 카스투스 연주회,2024.06.26,2024.06.26,예술의전당 [서울],서양음악(클래식)
PF243570,토끼와 거북이 [천안],2024.07.06,2024.07.13,홈플러스 [천안신방점],뮤지컬
PF243568,테너 김요한 독창회,2024.07.11,2024.07.11,예술의전당 [서울],서양음악(클래식)
PF243567,크로니클 챔버오케스트라 창단연주회,2024.07.23,2024.07.23,JCC 아트센터,서양음악(클래식)
PF243566,시엘 앙상블 정기 연주회,2024.07.02,2024.07.02,예술의전당 [서울],서양음악(클래식)
PF243565,코리아 플루트 솔로이스츠: Homage to the Bachs,2024.07.06,2024.07.06,예술의전당 [서울],서양음악(클래식)
PF243564,"영도문화예술회관 수요상설공연, 멜랑제앙상블: 여름연가",2024.07.17,2024.07.17,영도문화예술회관,서양음악(클래식)
PF243563,뉴비 스테이지 2 (Newbie Stage 2),2024.07.06,2024.07.06,국립아시아문화전당,한국음악(국악)
PF243562,제28회 대구관악합주단 정기연주회,2024.07.13,2024.07.13,대구콘서트하우스,서양음악(클래식)
PF243560,누가 내 머리에 똥 쌌어? [울산 중구],2024.07.02,2024.07.21,아트홀 마당,뮤지컬
PF243559,"춘길 & 모세, 발라드콘서트로트",2024.07.14,2024.07.14,구름아래소극장,대중음악
PF243557,"샤콘느 콘서트, 로시니 세비야의 이발사",2024.07.13,2024.07.13,에코펠리스,서양음악(클래식)
PF243556,"쿰아트 기획연주 8, 북클래식 1탄: 행성이야기",2024.07.09,2024.07.09,쿰아트홀,서양음악(클래식)
PF243554,제5회 서울피리앙상블 정기연주회,2024.07.14,2024.07.14,국립국악원,한국음악(국악)
PF243552,최은영 피아노 독주회,2024.07.22,2024.07.22,금호아트홀 연세,서양음악(클래식)
PF243551,"우리동네 사랑방에서는, 합!? [인천 부평]",2024.06.28,2024.06.28,부평문화사랑방,서커스/마술
PF243549,(사) 서울윈드오케스트라 창단 50주년 기념 음악회 시리즈 1,2024.07.16,2024.07.16,롯데콘서트홀,서양음악(클래식)
PF243547,"vol.1, 사사롭고: Daldam & hyenseo",2024.07.07,2024.07.07,얼라이브홀(구. 크랙홀),대중음악
PF243545,김정훈 무반주 바이올린 독주회,2024.07.10,2024.07.10,예술의전당 [서울],서양음악(클래식)
PF243544,김재한 트롬본 독주회 [부산],2024.07.14,2024.07.14,해운대문화회관,서양음악(클래식)
PF243543,"제11회 대한민국 신진연출가전 경연 페스타, 별",2024.07.18,2024.07.21,미마지아트센터,연극
PF243541,"제6회 불휘기픈소리, 김시영의 가야금: 최옥삼류 가야금산조",2024.07.19,2024.07.19,선릉아트홀(구. 아트홀 가얏고을),한국음악(국악)
PF243540,캔터빌의 유령 [서울 강서],2024.07.20,2024.07.20,강서아트리움,뮤지컬
PF243538,"제1회 대한민국 대학연극제, 노란 달: 레일라와 리의 발라드",2024.07.18,2024.07.18,용인포은아트홀,연극
PF243536,사랑시체처리반 [대학로],2024.07.04,2024.07.07,소극장 혜화당(구. 까망소극장),연극
PF243534,아이캔플라이,2024.07.05,2024.07.20,온맘씨어터,뮤지컬
PF243533,KARMA BABY,2024.07.13,2024.07.13,후케즈,대중음악
PF243532,당연한 바깥,2024.07.20,2024.08.04,두산아트센터,연극
PF243529,"제1회 대한민국 대학연극제, 사라진 Q를 찾아서",2024.07.22,2024.07.22,용인포은아트홀,연극
PF243525,옥주현 with Friends 뮤지컬 콘서트 [수원],2024.07.17,2024.07.17,경기아트센터(구. 경기도문화의전당),뮤지컬
PF243524,팥죽할머니와 호랑이 [대구],2024.06.20,2024.06.21,소극장 소금창고,한국음악(국악)
PF243523,한 평을 위한 모노드라마,2024.07.11,2024.07.20,연희예술극장,연극
PF243515,My Dear Anger [대학로],2024.07.11,2024.08.04,연우소극장,연극
PF243514,헤비메탈 걸스 [정선],2024.07.10,2024.07.10,정선아리랑센터,연극
PF243513,"H-클래식 피콜로 오페라 페스티벌, 라 트라비아타",2024.07.19,2024.07.19,해운대문화회관,서양음악(클래식)
PF243512,치맥페스티벌 [대구] (프리미엄 사전예약),2024.07.03,2024.07.07,두류공원 일원,대중음악
PF243511,줄리하프 코리아 앙상블 창단 연주회 [서울],2024.06.22,2024.06.22,상명아트센터,서양음악(클래식)
PF243509,TULA Live Concert: 진화의 시간 TIME TO EVOLVE,2024.07.13,2024.07.13,대원 팝콘D 스퀘어,대중음악
PF243508,제54회 한국오페라연구회 정기연주회,2024.07.22,2024.07.22,세종문화회관,서양음악(클래식)
PF243506,SBS 김정택 팝오케스트라와 함께하는 콘서트 [양양],2024.07.05,2024.07.05,양양문화복지회관,서양음악(클래식)
PF243503,"정주리의 일구월심 다섯 번째, 무색하다",2024.07.20,2024.07.20,남산골한옥마을,한국음악(국악)
PF243502,수상한스테이지 (06.28),2024.06.28,2024.06.28,수상한창고,대중음악
PF243501,"제11회 대한민국 신진연출가전, 신인류의 욕망상자",2024.07.11,2024.07.14,미마지아트센터,연극
PF243500,HEART AND SOUL LIVE: 잭 리 & 네이던 이스트 [서울],2024.07.23,2024.07.23,롯데콘서트홀,대중음악
PF243499,정정희 피아노 독주회,2024.07.18,2024.07.18,세종문화회관,서양음악(클래식)
PF243496,바다의 기억 [대학로],2024.07.13,2024.07.14,피카소소극장,연극
PF243497,홍승아 피아노 독주회,2024.06.30,2024.06.30,금호아트홀 연세,서양음악(클래식)
PF243495,"제1회 대한민국 대학연극제, 반디",2024.07.20,2024.07.20,용인포은아트홀,연극
PF243494,"제35회 대구국제현대음악제, 학생공모작 연주회",2024.06.27,2024.06.27,대구콘서트하우스,서양음악(클래식)
PF243493,"임채희 트리오, Your Summer",2024.07.14,2024.07.14,재즈인연구소,대중음악
PF243492,"제11회 대한민국 신진연출가전 브릿지 페스타, 4막: 순수 오아시스",2024.07.17,2024.07.18,삼일로창고극장,연극
PF243491,헤비메탈 걸스 [고창],2024.06.27,2024.06.27,고창문화의전당,연극
PF243490,"일레인 단독 콘서트, Summer",2024.07.19,2024.07.19,클럽온에어,대중음악
PF243489,사물놀이 느닷 1집 앨범 발매 기념 공연: INSPIRATION,2024.07.06,2024.07.06,한국문화의집 KOUS,한국음악(국악)
PF243488,이종은 바이올린 독주회,2024.07.19,2024.07.19,세종문화회관,서양음악(클래식)
PF243486,"이번 정류장은: EP. 2, 예빛",2024.07.14,2024.07.14,KT&G 상상마당 라이브홀 [마포],대중음악
PF243484,"78AVENUE 78LIVE, AVOKID",2024.07.18,2024.07.18,엠피엠지,대중음악
PF243482,인어공주 [여주],2024.07.13,2024.07.13,여주시 평생학습센터 (여성회관),뮤지컬
PF243481,윤수일밴드 라이브 콘서트 [포천],2024.07.14,2024.07.14,포천반월아트홀,대중음악
PF243479,제17회 피아체레앙상블 기획연주회,2024.06.22,2024.06.22,안산문화예술의전당,서양음악(클래식)
PF243478,"송영훈 & 양성원 & 임지영, 비르투오소들의 조우 (遭遇) [밀양]",2024.07.12,2024.07.12,밀양아리랑아트센터,서양음악(클래식)
PF243477,"세종예술의전당 시크릿 콘서트, 이성주의 Love letter",2024.07.16,2024.07.16,세종예술의전당,서양음악(클래식)
PF243475,상상병 환자,2024.06.30,2024.06.30,보광극장,연극
PF243474,"태비 단독콘서트, CINEMA",2024.07.14,2024.07.14,CJ아지트 광흥창,대중음악
PF243473,Melody At Sunday,2024.07.07,2024.07.07,재즈소사이어티 서울(서울브루어리 성수 5층),대중음악
PF243472,"치유와 평화를 위한 평화음악회, 위로 [군산]",2024.07.12,2024.07.12,군산예술의전당,대중음악
PF243470,"박종화 피아노 독주회, 장르탐구 시리즈 1: Sonata",2024.07.19,2024.07.19,예술의전당 [서울],서양음악(클래식)
PF243468,거인의 정원 [부산 영도],2024.07.13,2024.07.13,영도문화예술회관,무용
PF243467,감춰진 편지,2024.07.13,2024.07.14,SCN 아트홀,뮤지컬
PF243465,소프라노 홍아름 독창회,2024.07.11,2024.07.11,영산아트홀,서양음악(클래식)
PF243464,소프라노 오진현 독창회,2024.06.30,2024.06.30,금호아트홀 연세,서양음악(클래식)
PF243463,시크릿 하우스 [부산],2024.07.18,2024.09.08,BNK부산은행 조은극장,연극
PF243461,소프라노 서보란 독창회,2024.06.25,2024.06.25,금호아트홀 연세,서양음악(클래식)
PF243460,메조소프라노 김미영 독창회: 노래로 쓰는 치유와 희망의 편지,2024.07.21,2024.07.21,금호아트홀 연세,서양음악(클래식)
PF243458,아베끄 현악사중주단 창단 10주년 기념음악회,2024.07.10,2024.07.10,예술의전당 [서울],서양음악(클래식)
PF243457,집 속의 집: 안팎 [대학로],2024.07.06,2024.07.07,아르코예술극장,무용
PF243456,"임아림 바이올린 렉처 리사이틀 시리즈, 로맨틱 하우스뮤직 Ⅲ: LOVE",2024.06.22,2024.06.22,아트브릿지,서양음악(클래식)
PF243454,제1회 드림합창페스티벌,2024.07.08,2024.07.08,롯데콘서트홀,서양음악(클래식)
PF243453,신재은 & 이정화 피아노 듀오 콘서트,2024.07.19,2024.07.19,일신홀,서양음악(클래식)
PF243452,나는 고양이로소이다 [전주],2024.07.05,2024.07.06,한국전통문화전당,연극
PF243450,제28회 대구시립국악단 청소년 협주곡의 밤,2024.07.10,2024.07.11,대구문화예술회관,한국음악(국악)
PF243447,"창작ing 여섯 번째, 차 한 잔 하실래요?",2024.07.18,2024.07.23,국립정동극장 세실 (구.세실극장),무용
PF243443,지브리 영화음악 콘서트 (7월),2024.07.17,2024.07.24,롯데콘서트홀,서양음악(클래식)
PF243441,해설과 함께하는 클래식 디저트 [인천],2024.07.07,2024.07.07,아트센터 인천,서양음악(클래식)
PF243440,UNEDUCATED KID 2ND CONCERT: THE CULT,2024.07.07,2024.07.07,롤링홀,대중음악
PF243439,한윤지 바이올린 독주회,2024.07.06,2024.07.06,예술의전당 [서울],서양음악(클래식)
PF243438,고립 은둔 장단: 장구 놀이,2024.06.19,2024.06.19,사각사각 플레이스,연극
PF243436,노유리 피아노 독주회,2024.07.11,2024.07.11,예술의전당 [서울],서양음악(클래식)
PF243435,김민환 귀국 피아노 독주회,2024.07.21,2024.07.21,금호아트홀 연세,서양음악(클래식)
PF243434,FLASH,2024.07.13,2024.07.14,대학로예술극장,무용
PF243433,"제6회 불휘기픈소리, 최수영의 해금: 활의 춘무春舞",2024.07.05,2024.07.05,선릉아트홀(구. 아트홀 가얏고을),한국음악(국악)
PF243432,"문득, 멈춰 서서 이야기하다 [대학로]",2024.07.18,2024.07.21,동숭무대소극장,연극
PF243430,"윤현상 밴드콘서트, CLASSIC WITH BAND",2024.07.20,2024.07.20,한국가곡예술마을 나음아트홀,서양음악(클래식)
PF243428,광주시립교향악단 GSO 오티움 콘서트 Ⅲ: Romantic,2024.07.18,2024.07.18,예술의 전당 [광주] (구. 광주문화예술회관),서양음악(클래식)
PF243423,"SAC ON SCREEN, 오셀로",2024.07.03,2024.07.03,국립아시아문화전당,연극
PF243421,"후생가외, 강현 아쟁 독주회: 현",2024.06.20,2024.06.20,문화공간 아이원,한국음악(국악)
PF243420,"트롯걸즈재팬 1st 미니 콘서트, The Beginning",2024.07.06,2024.07.07,무신사 개러지(구. 왓챠홀),대중음악
PF243419,제12회 보컬앙상블안젤라 정기연주회 [대전],2024.07.11,2024.07.11,대전예술의전당,서양음악(클래식)
PF243418,"제10회 을숙도 오페라 축제, 라 트라비아타",2024.07.13,2024.07.13,을숙도문화회관,서양음악(클래식)
PF243417,탈선 춘향전 [부산],2024.06.22,2024.06.30,가마골소극장,연극
PF243416,RAP HOUSE VOL.31,2024.06.21,2024.06.21,"플렉스라운지 (구. 스테이라운지, 구. 인디팍)",대중음악
PF243415,제11회 한국플루트학회 정기연주회,2024.07.07,2024.07.07,예술의전당 [서울],서양음악(클래식)
PF243414,"화성시 예술단 마티네 콘서트: 바로크, 일그러진 진주",2024.07.03,2024.07.03,반석아트홀(동탄복합문화센터),서양음악(클래식)
PF243413,"ONLY FOR YOU, 한치윤 & 황효영 피아노 듀오 리사이틀 [대구]",2024.07.20,2024.07.20,에이치아츠(H-Art),서양음악(클래식)
PF243412,"제6회 불휘기픈소리, 보비의 풍류: 젊은 풍류",2024.07.13,2024.07.13,선릉아트홀(구. 아트홀 가얏고을),한국음악(국악)
PF243411,이야기로 만나는 춤의 정원 [원주],2024.07.07,2024.07.07,원주치악예술관,무용
PF243410,The Kandle [창원],2024.07.13,2024.07.13,젬스톤 [창원],서양음악(클래식)
PF243407,이무기는 방울방울 [광주],2024.07.20,2024.07.20,빛고을시민문화관,연극
PF243406,제9회 Mproject 공존 정기연주회: 별에서 온 고흐.. 별에 닿다,2024.06.26,2024.06.26,대전예술의전당,서양음악(클래식)
PF243404,윤일수 귀국 피아노 독주회,2024.07.20,2024.07.20,예술의전당 [서울],서양음악(클래식)
PF243403,흐르는 눈물의 이유를 물을 필요 없지 vol.3 [부산],2024.07.13,2024.07.13,오방가르드,대중음악
PF243396,유희도 데뷔 10주년 기념 콘서트 Hee' story,2024.07.07,2024.07.07,연남스페이스,대중음악
PF243395,빵굽는 포포아저씨 [철원],2024.06.26,2024.06.26,철원군 화강문화센터,뮤지컬
PF243391,"쌀롱드무지끄, 바이올리니스트 배시온 & 피아니스트 최현아 듀오 리사이틀",2024.07.01,2024.07.01,쌀롱드무지끄,서양음악(클래식)
PF243390,"언빌리버블쇼, 매직카바레 [인천 송도]",2024.06.22,2024.07.21,송도 건원테크노큐브,서커스/마술
PF243388,바리톤 유진백 리사이틀: 6 Romances [대전],2024.07.02,2024.07.02,대전예술의전당,서양음악(클래식)
PF243387,박소현 & 이주혜 플루트 듀오 리사이틀 [광주],2024.07.14,2024.07.14,예술의 전당 [광주] (구. 광주문화예술회관),서양음악(클래식)
PF243385,양성원 피아노 리사이틀 [대구],2024.06.22,2024.06.22,비원뮤직홀,서양음악(클래식)
PF243384,live cafe 우리들 이야기,2024.07.19,2024.07.20,트라이보울,연극
PF243383,버블버블쇼 [천안],2024.07.13,2024.07.14,JB소극장,서커스/마술
PF243379,해피엔딩,2024.07.04,2024.07.06,옵신 스페이스(구. 서촌공간 서로),연극
PF243378,"제4회 소극장 공유 페스티벌 연극, 생각을 잇-다: 킬링 맥벌스",2024.07.11,2024.07.21,소극장 공유,연극
PF243377,광주상설공연 (7월),2024.07.06,2024.07.28,광주공연마루,복합
PF243375,"서른번째 스윙-바이, 딱지",2024.06.29,2024.06.29,음악공간 중력장,대중음악
PF243374,"고전과 낭만사이, 베토벤 & 차이코프스키",2024.07.18,2024.07.18,롯데콘서트홀,서양음악(클래식)
PF243373,모차르트와 모짜렐라의 마술피리 이야기 [춘천],2024.07.13,2024.07.13,춘천인형극장,서양음악(클래식)
PF243369,"제11회 대한민국 신진연출가전 초청작, 글뤽 아우프",2024.07.05,2024.07.07,미마지아트센터,연극
PF243368,"제1회 메이지 국제 벨칸토 페스티벌, 벨칸토 갈라 콘서트: 듀오 판타스티코",2024.07.04,2024.07.04,예술의전당 [서울],서양음악(클래식)
PF243366,"제6회 페미니즘 연극제, 건널목 교차로",2024.07.17,2024.07.21,나온씨어터,연극
PF243365,성악가와 어린이가 함께 만드는 키즈콘서트 [화성],2024.07.06,2024.07.06,반석아트홀(동탄복합문화센터),서양음악(클래식)
PF243364,"국립합창단, 전쟁 그리고 평화 [당진]",2024.07.12,2024.07.12,당진문예의전당,서양음악(클래식)
PF243362,접변 [대학로],2024.07.20,2024.09.22,티오엠씨어터(구. 문화공간필링),뮤지컬
PF243361,"선데이콘서트, 한국가곡 & 팝페라 [인천]",2024.06.23,2024.06.23,엘림아트센터,서양음악(클래식)
PF243357,사랑이 뭐길래!,2024.06.24,2024.06.25,동국대학교,연극
PF243355,WBG 트롬본 콰르텟 콘서트,2024.07.19,2024.07.19,광명시민회관,서양음악(클래식)
PF243342,트루스토리 [대학로],2024.07.09,2024.08.11,예그린씨어터,뮤지컬
PF243336,"대전시립합창단 기획연주회4, 앙상블 음악회: All that Harmony [대전]",2024.07.04,2024.07.04,대전예술의전당,서양음악(클래식)
PF243335,오월의 하루 (앵콜),2024.07.11,2024.07.28,올림아트센터(구.스튜디오76),연극
PF243334,쓱쓱싹싹 그림책 콘서트: 떴다! 세계 음악 여행 (7월) [대구],2024.07.13,2024.07.13,신세계 문화홀 8층 [대구],서양음악(클래식)
PF243332,홍승아 첼로 독주회,2024.07.14,2024.07.14,예술의전당 [서울],서양음악(클래식)
PF243330,싱어송와이더 #2: 초승,2024.07.19,2024.07.19,KT&G 상상마당 라이브홀 [마포],대중음악
PF243328,"행복: 행복, 장면만들기, 마음스케치",2024.07.01,2024.07.31,효원소극장,연극
PF243327,신기한 마술사의 다락방 [인천],2024.07.05,2024.07.21,아띠홀,서커스/마술
PF243325,송미란 & 이루사 초청 피아노 듀오 리사이틀,2024.06.22,2024.06.22,세라믹팔레스홀,서양음악(클래식)
PF243323,소프라노 조우리 & 메조소프라노 최부경 듀오콘서트,2024.06.28,2024.06.28,꿈의숲아트센터,서양음악(클래식)
PF243322,"제208회 포항시립교향악단 정기연주회, 팡파르",2024.07.04,2024.07.04,포항문화예술회관,서양음악(클래식)
PF243320,서커스 인생,2024.06.29,2024.06.29,송파어린이문화회관,서커스/마술
PF243318,주식회사 인조,2024.07.02,2024.07.07,서완소극장(구. 씨어터고리),연극
PF243314,6월 오픈마이크,2024.06.30,2024.06.30,음악공간 중력장,복합
PF243313,사랑이 뭐길래!,2024.07.04,2024.07.14,성수아트홀(성수문화복지회관),연극
PF243312,"아시테지 국제여름축제 in ACC, 사랑에 빠진 뽀메로",2024.07.23,2024.07.24,국립아시아문화전당,연극
PF243310,"크랙샷 콘서트, We Are Crackshot vol.3",2024.07.06,2024.07.06,성북미디어문화마루 꿈빛극장,대중음악
PF243307,"고양필하모닉오케스트라, 그리운 한국가곡 시리즈, 가곡에 살리라 Ⅴ: 계절을 노래하다",2024.06.21,2024.06.21,고양아람누리,서양음악(클래식)
PF243306,The Kandle [천안],2024.07.20,2024.07.20,아트센터소극장(시네라마 아트센터),서양음악(클래식)
PF243304,지브리 영화음악 심포니 콘서트 with 오케스트라 [세종],2024.07.19,2024.07.19,세종예술의전당,서양음악(클래식)
PF243302,21일 쇼케이스,2024.07.05,2024.07.07,KT&G 상상마당 대치아트홀,연극
PF243299,"부산철현금보존회 시리즈 2, 모던풍류",2024.06.18,2024.06.18,국립부산국악원,한국음악(국악)
PF243298,2호선 세입자 [김제],2024.06.28,2024.06.28,김제문화예술회관,연극
PF243296,목관 5중주 목음 창단 연주회,2024.07.02,2024.07.02,금호아트홀 연세,서양음악(클래식)
PF243295,"명가의 초대, 트로트 마에스트로 이용주 버라이어티쇼: Summer Party",2024.07.20,2024.07.20,엠팟홀 (구. 삼익아트홀),대중음악
PF243294,"제35회 대구국제현대음악제, 트리오 캐치 연주회",2024.06.27,2024.06.27,대구콘서트하우스,서양음악(클래식)
PF243293,"제35회 대구국제현대음악제, 2021 마스터피스",2024.06.26,2024.06.26,대구콘서트하우스,서양음악(클래식)
PF243292,"제109회 본스타컴퍼니 정기공연, 전화벨이 울린다",2024.06.28,2024.06.30,소극장 창덕궁,연극
PF243291,"문화가 있는날 예술무대, 성악 패밀리 콘서트 (6월)",2024.06.25,2024.06.25,고창문화의전당,서양음악(클래식)
PF243290,"전통춤판, 목멱에서 노닐다 Ⅳ",2024.07.02,2024.07.03,국립국악원,무용
PF243287,"Tuesday Beach Club 단독 콘서트, Through the Lights",2024.07.05,2024.07.05,롤링홀,대중음악
PF243285,발레 판타지아 [제주],2024.07.06,2024.07.06,제주문예회관,무용
PF243283,"도립교향악단과 함께하는 해설이 있는 오페라, 사랑의 묘약 [영덕]",2024.07.16,2024.07.16,예주문화예술회관,서양음악(클래식)
PF243282,일무일악 Ⅱ,2024.07.19,2024.07.19,서울돈화문국악당,무용
PF243281,일무일악 Ⅰ,2024.07.17,2024.07.17,서울돈화문국악당,무용
PF243279,대구시립국악단과 함께하는 대구편입 1주년 기념음악회,2024.06.27,2024.06.27,군위 삼국유사교육문화회관,한국음악(국악)
PF243278,이현애 바이올린 독주회,2024.07.21,2024.07.21,예술의전당 [서울],서양음악(클래식)
PF243277,"대구교원오케스트라, SYMPHONY CONCERT [대구]",2024.06.29,2024.06.29,대구학생문화센터,서양음악(클래식)
PF243275,"쌀롱드무지끄: 이아라 바이올린 독주회, 알파벳시리즈 Ⅴ: G,H,I",2024.06.28,2024.06.28,쌀롱드무지끄,서양음악(클래식)
PF243272,신데렐라 [광주],2024.07.14,2024.07.14,광주디자인센터,뮤지컬
PF243271,"마티네 콘서트, 유니크 클래식 with 더 보이스",2024.07.18,2024.07.18,강북문화예술회관,서양음악(클래식)
PF243269,김희정 이주원 피아노 듀오 리사이틀,2024.06.26,2024.06.26,꿈의숲아트센터,서양음악(클래식)
PF243268,팝스 콘서트 [남양주],2024.06.28,2024.06.28,다산아트홀,대중음악
PF243267,김혜령 바이올린 리사이틀: 프랑스의 향 香 [대구],2024.07.18,2024.07.18,수성아트피아,서양음악(클래식)
PF243262,김진승 바이올린 독주회,2024.07.15,2024.07.15,세종문화회관,서양음악(클래식)
PF243261,"서울시향 퇴근길 토크 콘서트 Ⅱ: 체코, 음악으로 여행하다 ②",2024.07.19,2024.07.19,경동교회,서양음악(클래식)
PF243260,Harmony of Piano Duo & Magic [인천],2024.06.29,2024.06.29,부평아트센터,서양음악(클래식)
PF243259,앙상블 오푸스의 꿈꾸는 저녁 [익산],2024.07.05,2024.07.05,익산예술의전당,서양음악(클래식)
PF243258,"토들러 클래식 콘서트, 영유아 클래식 콘서트: TRAVEL [목동]",2024.06.19,2024.07.27,엉클영버스튜디오,서양음악(클래식)
PF243256,힐마운트 더퍼스트 센트럴포레로얄그랜드 스타파크 위례시티,2024.07.05,2024.07.07,TINC This is Not a Church(구. 명성교회),연극
PF243255,DAD & ME 기타 콘서트: 장하은 장형섭 Ⅹ 허원경 허병훈,2024.06.24,2024.06.24,거제문화예술회관,서양음악(클래식)
PF243254,헤어지는 기쁨 [대학로],2024.06.28,2024.07.07,피카소소극장,연극
PF243252,3H와 함께하는 대한민국 힐링콘서트 [고양],2024.07.04,2024.07.04,고양종합운동장,대중음악
PF243250,"후생가외, 김유진 가야금 병창",2024.06.22,2024.06.22,문화공간 아이원,한국음악(국악)
PF243247,"서울시향 퇴근길 토크 콘서트 Ⅱ: 체코, 음악으로 여행하다 ①",2024.07.18,2024.07.18,대한성공회 서울주교좌성당,서양음악(클래식)
PF243245,영아티스트 콘서트 [부천],2024.07.16,2024.07.16,부천아트센터,서양음악(클래식)
PF243244,눈의 여왕 [대전],2024.06.22,2024.07.14,조이마루아트홀(복합문화공간 플랜에이),뮤지컬
PF243243,"크라잉넛의 주크박스, 알랑가모르겄쑈",2024.07.18,2024.07.21,한양대학교 예술극장,뮤지컬
PF243241,워터밤 [대구],2024.07.20,2024.07.20,대구스타디움,대중음악
PF243240,공간 갤러리 콘서트 [수원],2024.07.12,2024.07.12,경기아트센터(구. 경기도문화의전당),서양음악(클래식)
PF243239,"제32회 젊은연극제, 사천의 선인",2024.06.29,2024.06.30,선돌극장,연극
PF243238,"피아노포르테의 추억 Ⅳ, 신명진 피아노 독주회 [성남]",2024.06.20,2024.06.20,성남아트센터,서양음악(클래식)
PF243237,"한국피아노듀오협회 헤르만아트홀 4 Hands 시리즈 3, 윤아현 모혜경 듀오 리사이틀",2024.06.18,2024.06.18,헤르만아트홀,서양음악(클래식)
PF243236,음악예술학회 정기연주회,2024.06.27,2024.06.27,영산아트홀,서양음악(클래식)
PF243234,"윤전일 Dance Emotion, 사랑에 미치다 [울진]",2024.07.04,2024.07.04,울진문화예술회관,무용
PF243231,"유네스코 인류무형유산, 세계가 인정한 우리 음악과 춤 [계룡]",2024.07.18,2024.07.18,계룡문화예술의전당,한국음악(국악)
PF243230,"카메라타 코루스 서울, 모차르트 레퀴엠",2024.07.09,2024.07.09,영산아트홀,서양음악(클래식)
PF243228,"월간 CCM콘서트, 함부영 & 홍보래 (7월)",2024.07.05,2024.07.06,이음아트홀 [대전],대중음악
PF243225,"제9회 셈플리체 정기연주회, Simple is the best [대전]",2024.06.29,2024.06.29,대전예술의전당,서양음악(클래식)
PF243226,배소고지 이야기: 기억의 연못 [제주],2024.07.13,2024.07.13,제주아트센터,연극
PF243224,빨간기타 [대학로],2024.07.04,2024.07.21,열린극장,뮤지컬
PF243221,제131회 목포시립교향악단 정기연주회: 목포를 영웅으로 Eroica,2024.07.11,2024.07.11,목포시민문화체육센터,서양음악(클래식)
PF243220,에스더유 & 박재홍 듀오 리사이틀 [대구],2024.06.20,2024.06.20,비원뮤직홀,서양음악(클래식)
PF243218,"B-DAY PARTY, LEETEUK: LUCKY 777",2024.06.29,2024.06.29,건국대학교 새천년관,대중음악
PF243217,디즈니 & 픽사 OST 콘서트 [부천],2024.07.20,2024.07.20,부천아트센터,서양음악(클래식)
PF243216,제23회 성남윈드 오케스트라 정기 연주회,2024.06.29,2024.06.29,성남아트센터,서양음악(클래식)
PF243214,제15회 디 첼리스텐 앙상블 정기연주회,2024.06.23,2024.06.23,동래문화회관,서양음악(클래식)
PF243213,제147회 재즈 와인에 빠지다 [부산],2024.07.12,2024.07.12,공간 겟츠,대중음악
PF243212,말로 밴드 콘서트 [인천 연수구],2024.07.18,2024.07.18,G#하우스,대중음악
PF243209,대구시립국악단 찾아가는 공연: 백리향,2024.06.19,2024.06.19,대구서구문화회관,한국음악(국악)
PF243208,"대구시립교향악단, 실내악의 발견 Ⅰ. 체임버 시리즈 ② 고전적이고, 낭만적으로",2024.07.17,2024.07.17,대구콘서트하우스,서양음악(클래식)
PF243207,신비아파트 시즌6: 붉은 눈의 저주 [문경],2024.06.29,2024.06.29,문경문화예술회관,뮤지컬
PF243206,오백에 삼십 [청송],2024.06.27,2024.06.27,청송군문화예술회관,연극
PF243204,"금난새와 함께하는 브런치 콘서트, 살롱 드 공주 첫 번째 [공주]",2024.07.16,2024.07.16,공주문예회관,서양음악(클래식)
PF243203,"소중한하루의 상상극장 첫번째 Page, 사형수는 울었다",2024.06.22,2024.06.22,대학로 마로니에소극장(플레이더씨어터),연극
PF243202,각인 [서울 강서],2024.07.11,2024.07.11,스카이아트홀,뮤지컬
PF243201,"광명 어린이 상상주간, 고래바위에서 기다려",2024.06.22,2024.06.22,광명문화예술교육지원센터 광명극장,연극
PF243200,"서빛마루문예회관 기획공연 #6, IN THE MOVICAL",2024.07.13,2024.07.13,서빛마루문화예술회관,뮤지컬
PF243197,"굿음악축제, 국립국악원 교류공연: 꽃신 신고 훨훨",2024.07.13,2024.07.13,국립남도국악원,한국음악(국악)
PF243196,Mullae Metal City,2024.07.20,2024.07.21,영등포아트홀,대중음악
PF243195,반짝반짝 페리오 [영덕],2024.07.19,2024.07.19,예주문화예술회관,뮤지컬
PF243194,"줄라이 페스티벌, 슈만이라는 바다: 금혜승, 베리오자 외",2024.07.06,2024.07.06,예술가의 집,서양음악(클래식)
PF243192,버둥 뮤직트립: trip over music in Seoul,2024.07.13,2024.07.13,KT&G 상상마당 라이브홀 [마포],대중음악
PF243190,버둥 뮤직트립: trip over music in Busan,2024.07.20,2024.07.20,KT&G 상상마당 라이브홀 [부산],대중음악
PF243188,클레르 콰르텟 리사이틀,2024.07.03,2024.07.03,헤르만아트홀,서양음악(클래식)
PF243187,"김우연, 박건우, 김종윤 트리오 리사이틀",2024.07.13,2024.07.13,헤르만아트홀,서양음악(클래식)
PF243186,Voice and Melody: The Melodies of America [대구],2024.06.20,2024.06.20,그랜드아트센터 [대구],서양음악(클래식)
PF243184,Huckleberry P: VerseDay [대구],2024.07.20,2024.07.20,클럽헤비,대중음악
PF243183,The Seasons (사계),2024.06.30,2024.06.30,쌀롱드무지끄,서양음악(클래식)
PF243182,"트로이카 오리지날 라이브쑈, 어서옵쑈",2024.06.30,2024.06.30,구름아래소극장,대중음악
PF243180,"EARS-UP Vol.37, 버텨내고 존재하기 B-side 불나방스타쏘세지클럽 최고은",2024.07.13,2024.07.13,고라니 특공대,대중음악
PF243177,"제8회 미스터리 스릴러전, 밈",2024.07.17,2024.07.21,소극장 혜화당(구. 까망소극장),연극
PF243176,그레이브라운,2024.06.26,2024.06.30,을지공간,연극
PF243174,"QM CONCERT, 개미",2024.07.07,2024.07.07,웨스트브릿지 라이브홀,대중음악
PF243170,"선데이콘서트, 용예준 피아노 독주회 [인천]",2024.07.21,2024.07.21,엘림아트센터,서양음악(클래식)
PF243169,"선데이콘서트, 김예은 오보에 독주회 [인천]",2024.07.14,2024.07.14,엘림아트센터,서양음악(클래식)
PF243168,쉘터 [대학로],2024.07.04,2024.07.28,상명아트홀,연극
PF243167,재즈 나잇 콘서트 [홍성],2024.07.06,2024.07.06,에제르아트홀,대중음악
PF243162,"제24회 오사카국제콩쿨 수상자 연주: 박승혜, 박지율",2024.06.22,2024.06.23,자양스테이션(파리뮤직포럼),서양음악(클래식)
PF243161,대전기타리스트협회 정기연주회: Chambermusic with guitar,2024.07.14,2024.07.14,대전시립연정국악원,서양음악(클래식)
PF243158,"춘천 실내악 페스티벌, 문수현 판소리 독창회: 사색 四色 / 思索 판소리",2024.07.17,2024.07.17,예나아트홀,한국음악(국악)
PF243157,"재즈앳에무, 유니크노트와 떠나는 재즈 여행단: Vol.5 World",2024.07.05,2024.07.05,복합문화공간에무,대중음악
PF243156,길병민 리사이틀 [고양],2024.06.30,2024.06.30,고양아람누리,서양음악(클래식)
PF243155,"선데이콘서트, 국악트리오 [인천]",2024.06.16,2024.06.16,엘림아트센터,한국음악(국악)
PF243152,"제16회 정희석 트롬본 독주회: Brahms, Schumann & Eliasson",2024.07.13,2024.07.13,세종문화회관,서양음악(클래식)
PF243150,"THE SOUND PRESENTS, SOUND WA VOL.1: THE SOUND Ⅹ THE APOP",2024.07.13,2024.07.13,CLUB bender(클럽 벤더),대중음악
PF243149,제1246회 서초금요음악회: 오버 더 클래식,2024.06.28,2024.06.28,서초문화예술회관(구. 서초구민회관),서양음악(클래식)
PF243147,"남동문화재단 기획공연 스포트라이트 Q, 템플 [인천]",2024.07.19,2024.07.20,남동소래아트홀,연극
PF243145,백설공주 [서울 강동],2024.07.06,2024.07.06,강동구민회관,뮤지컬
PF243143,"OAH! (오아!) 단독 공연: Sweet dreams, May",2024.07.13,2024.07.13,클럽온에어,대중음악
PF243139,"주호 CONCERT, 주주총회: SPARKLE",2024.07.06,2024.07.06,백암아트홀,대중음악
PF243134,BUDDY,2024.06.15,2024.06.15,사각사각 플레이스,연극
PF243128,The Dream Reborn Tour in SEOUL,2024.07.13,2024.07.14,올림픽공원,대중음악
PF243125,"구로 스테이지, TO. X: 양다일, 디에이드",2024.07.20,2024.07.20,구로아트밸리,대중음악
PF243124,"부산시립국악관현악단, 다함께 행복한 음악회",2024.06.14,2024.06.14,부산문화회관,한국음악(국악)
PF243123,"정길선의 국악 story: 기, 승, 전",2024.06.23,2024.06.23,성남아트센터,한국음악(국악)
PF243122,춤추는 호랑이와 햇님 달님 [부천],2024.07.06,2024.07.28,뉴코아소극장 [부천],뮤지컬
PF243121,"이화연 아쟁소리, 한 음의 가치 Ⅲ: 이태백류 아쟁산조",2024.07.04,2024.07.04,국립국악원,한국음악(국악)
PF243120,이명자 피아노 독주회,2024.06.27,2024.06.27,일신홀,서양음악(클래식)
PF243119,미러 [수원],2024.06.29,2024.06.30,가회당,연극
PF243118,이기동체육관 [영덕],2024.07.13,2024.07.13,예주문화예술회관,연극
PF243117,"고양호수청소년 오케스트라, 협주곡의 밤 [고양]",2024.06.15,2024.06.15,고양어울림누리,서양음악(클래식)
PF243116,첼리스트 박송이와 함께하는 Cello Story,2024.06.17,2024.06.17,영산아트홀,서양음악(클래식)
PF243115,우리의 고향 하남에 살어리랏다 [하남],2024.07.06,2024.07.06,하남문화예술회관,서양음악(클래식)
PF243114,별을 노래하는 마음으로,2024.06.29,2024.06.29,쌀롱드무지끄,서양음악(클래식)
PF243113,채주연 피아노 독주회,2024.07.03,2024.07.03,세종문화회관,서양음악(클래식)
PF243112,별세계 [세종],2024.07.20,2024.07.20,세종문화예술회관,복합
PF243111,차우주 생일 콘서트: fall apart,2024.06.30,2024.06.30,얼라이브홀(구. 크랙홀),대중음악
PF243109,"KIMHYUNJOONG CONCERT, THE LAST DANCE",2024.07.13,2024.07.14,이화여자대학교 삼성홀,대중음악
PF243108,박예지 귀국 플루트 독주회,2024.07.07,2024.07.07,금호아트홀 연세,서양음악(클래식)
PF243107,바이올리니스트 오진주 리사이틀 [대전],2024.06.30,2024.06.30,대전예술의전당,서양음악(클래식)
PF243106,임누리 바이올린 독주회,2024.07.14,2024.07.14,예술의전당 [서울],서양음악(클래식)
PF243105,지음지기 브라스 콰이어 아홉 번째 이야기,2024.07.13,2024.07.13,부천아트센터,서양음악(클래식)
PF243104,카메라타 안티콰 서울이 전하는 바로크음악이야기 ⅩⅩ: The Enlightenment: 18세기 계몽주의 사상과 음악,2024.07.09,2024.07.09,예술의전당 [서울],서양음악(클래식)
PF243103,지브리와 사랑에 빠지다: 지브리 영화 음악 콘서트 [대구],2024.07.06,2024.08.25,스테이지엠 (STAGE M) (구.프란츠홀),서양음악(클래식)
PF243100,"명가의 초대, 김도향 데뷔 55주년 기념 콘서트",2024.06.29,2024.06.29,엠팟홀 (구. 삼익아트홀),대중음악
PF243099,새허생 이야기 [부산],2024.06.27,2024.07.20,효로인디아트홀,한국음악(국악)
PF243098,클라리네티스트 이선희 독주회: 메즈 클라리넷 [충남],2024.07.13,2024.07.13,아산시 평생학습관(여성회관 아산아트홀),서양음악(클래식)
PF243095,리온의 신비한 과자상점 [부산],2024.07.12,2024.07.13,부산북구문화예술회관 (구.북구문화빙상센터),서커스/마술
PF243094,알라딘과 요술램프 [서울 은평],2024.07.09,2024.07.09,은평문화예술회관,뮤지컬
PF243092,안세훈 바이올린 독주회,2024.07.07,2024.07.07,예술의전당 [서울],서양음악(클래식)
PF243091,"문래재즈IN, 연중기획: 방병조 밴드",2024.06.29,2024.06.29,문래재즈IN,대중음악
PF243090,맛있는 마술쇼 [서울 광진구],2024.07.20,2024.07.28,상상나라극장,서커스/마술
PF243089,"재단출범4주년 기념공연, 인순이 콘서트 [구리]",2024.07.06,2024.07.06,구리아트홀,대중음악
PF243086,레인보우 벌룬매직쇼,2024.07.16,2024.08.15,한홀 소극장,서커스/마술
PF243085,서연우 피아노 독주회,2024.07.13,2024.07.13,거암아트홀,서양음악(클래식)
PF243083,공은지 피아노 독주회,2024.07.02,2024.07.02,세종문화회관,서양음악(클래식)
PF243082,제6회 더울림 앙상블 정기연주회,2024.07.05,2024.07.05,세종문화회관,서양음악(클래식)
PF243081,유진과 유진 [대학로],2024.07.06,2024.09.22,링크아트센터드림,뮤지컬
PF243080,"토들러 클래식 콘서트, 영유아 클래식 콘서트: 여름 & 호국보훈 (6월) [광교]",2024.06.26,2024.06.26,광교제일교회,서양음악(클래식)
PF243078,"세라믹팔레스홀 교수음악회 시리즈, 김문정 초청 피아노 독주회",2024.06.26,2024.06.26,세라믹팔레스홀,서양음악(클래식)
PF243077,장고개 사람들 [부산],2024.06.29,2024.06.30,부산시민회관,연극
PF243076,Triangle X salón de luna 01: 비유클리드 기하학,2024.06.29,2024.06.29,플라멩코델서울,무용
PF243074,오늘도 아이돌 vol.6,2024.07.05,2024.07.05,옥타바리움 라이브홀,대중음악
PF243073,The Kandle [부산],2024.07.19,2024.07.20,호텔 농심,서양음악(클래식)
PF243071,"줄라이 페스티벌, 슈민아리는 바다: 에르완 리샤, 조인혁 외",2024.07.05,2024.07.05,예술가의 집,서양음악(클래식)
PF243070,"비엔나, 노래를 찾아 떠나는 여행, 2회: 슈베르트, 브람스, 슈트라우스 2세의 노래",2024.06.22,2024.06.22,쌀롱드무지끄,서양음악(클래식)
PF243069,비수기,2024.07.12,2024.07.13,대학로예술극장,무용
PF243068,공주시립합창단 창단 10주년 기념 연주회: Why We Sing 우리가 노래하는 이유,2024.06.27,2024.06.27,공주문예회관,서양음악(클래식)
PF243067,"제8회 A.H.C.P RISING STAR CONCERT, 피아니스트 도예은 [대전]",2024.06.20,2024.06.20,아트브릿지,서양음악(클래식)
PF243066,"제8회 A.H.C.P RISING STAR CONCERT, 피아니스트 윤초원 [대전]",2024.06.17,2024.06.17,아트브릿지,서양음악(클래식)
PF243065,할머니는 왜 대문 앞에 앉아있을까? [대전],2024.07.06,2024.07.06,소극장 고도,연극
PF243064,"제21회 MERRY 정기연주회, 해리포터 콘서트: MAGIC ON STAGE",2024.07.06,2024.07.06,KBS홀,서양음악(클래식)
PF243062,별이 빛나는 밤에 [서울],2024.07.05,2024.12.31,상명아트홀,연극
PF243061,거인 앙갈로 [서울],2024.07.13,2024.07.13,노원어린이극장(구.노원어울림극장),연극
PF243060,"10CM SUMMER FAN CONCERT, 10CM YOU",2024.07.06,2024.07.07,올림픽공원,대중음악
PF243059,"첫 번째 게임, Uno. Dos. Tres. Cuatro",2024.07.11,2024.07.11,아르코예술극장,무용
PF243058,"20TH ANNIVERSARY KIM JAE JOONG ASIA TOUR CONCERT, FLOWER GARDEN [서울]",2024.07.20,2024.07.21,장충체육관,대중음악
PF243057,6대 건반악기가 함께하는 K-클래식 [화성],2024.06.22,2024.06.22,화성아트홀,서양음악(클래식)
PF243056,도깨비교방 Ⅱ [부산],2024.06.27,2024.06.28,국립부산국악원,무용
PF243055,"Open Record Night Vol.22, 최민석: Fun Three",2024.06.29,2024.06.29,문래레코드,대중음악
PF243054,"제42회 대한민국연극제 용인, 왕중왕",2024.07.10,2024.07.10,용인포은아트홀,연극
PF243052,"제42회 대한민국연극제 용인: 아, 참!",2024.07.11,2024.07.11,용인포은아트홀,연극
PF243051,아이비 Ⅹ 조윤성 밴드: ADDICTED JAZZ [남양주],2024.07.20,2024.07.20,다산아트홀,대중음악
PF243050,글뤽아우프 [평택],2024.07.12,2024.07.12,평택시남부문예회관,연극
PF243048,"전주시립교향악단, 유망주 발굴시리즈 DEBUT CONCERT",2024.06.21,2024.06.21,한국소리문화의전당,서양음악(클래식)
PF243046,오늘부터 맑음 [전주],2024.06.21,2024.08.09,한옥마을아트홀,연극
PF243045,처용-心: The Sage [연천],2024.07.03,2024.07.03,연천수레울아트홀,무용
PF243044,"제1회 달문가야금연주단 정기연주회, 열두줄에 실어 나빌레라",2024.06.23,2024.06.23,한국문화의집 KOUS,한국음악(국악)
PF243043,"제42회 대한민국연극제, 모든 순간이 꽃봉오리인 것을 [용인]",2024.07.09,2024.07.09,용인포은아트홀,연극
PF243042,연희 판타지아,2024.07.06,2024.07.06,김희수아트센터,한국음악(국악)
PF243040,"제42회 대한민국연극제, 마약: 엇갈린 운명 [용인]",2024.07.12,2024.07.12,용인포은아트홀,연극
PF243039,"고 한성준 탄생 150주년 기념공연, 본",2024.07.09,2024.07.09,한국문화의집 KOUS,무용
PF243038,제4회 연세드림콰이어 정기연주회,2024.06.29,2024.06.29,영산아트홀,서양음악(클래식)
PF243037,"영광문화예술의전당 개관10주년 기념, 지금 이순간 변진섭 [영광]",2024.06.20,2024.06.20,영광예술의전당,대중음악
PF243035,"제10회 을숙도 오페라 축제, 마술피리",2024.07.05,2024.07.06,을숙도문화회관,서양음악(클래식)
PF243034,제57회 인코리안심포니오케스트라 정기연주회 [부산],2024.07.18,2024.07.18,부산문화회관,서양음악(클래식)
PF243030,어반자카파 15주년 팬 콘서트: 열 손가락,2024.07.20,2024.07.21,블루스퀘어,대중음악
PF243028,CMS 라운드테이블 정기연주회: Kreisler X Schoenberg,2024.07.13,2024.07.13,예술의전당 [서울],서양음악(클래식)
PF243026,"남양주시립합창단, 클래식 세계여행: 살리에리와 하이든",2024.06.27,2024.06.27,다산아트홀,서양음악(클래식)
PF243024,나눔꽃챔버가 전하는 희망의 메세지: 사랑의 음악편지,2024.07.10,2024.07.10,부천아트센터,서양음악(클래식)
PF243022,김강호 피아노 독주회,2024.07.07,2024.07.07,금호아트홀 연세,서양음악(클래식)
PF243021,피아니스트 송영민의 해설이 있는 클래식: 독일 오페라극장의 주역들을 한 자리에. 눈앞에서 듣는 오페라,2024.07.13,2024.07.13,쌍벽루아트홀,서양음악(클래식)
PF243020,안신영 바이올린 독주회,2024.07.10,2024.07.10,예술의전당 [서울],서양음악(클래식)
PF243019,"베스트3소극장전, 절대영도 [대구]",2024.07.11,2024.07.13,한울림소극장,연극
PF243018,"제42회 대한민국연극제 용인, 코피노아이",2024.07.13,2024.07.13,용인포은아트홀,연극
PF243017,"제1회 작곡살롱 기획연주회, 마음의 소리를 찾아서",2024.07.13,2024.07.13,브라움홀,서양음악(클래식)
PF243016,"베스트3소극장전, 미스타 호야 [대구]",2024.07.18,2024.07.20,한울림소극장,뮤지컬
PF243015,"제42회 대한민국연극제 용인, 한국-그리스 합동공연: 안티고네",2024.07.15,2024.07.15,용인시평생학습관(여성회관),연극
PF243014,"국립합창단 초청공연, 전쟁 그리고 평화 [광주]",2024.07.02,2024.07.02,예술의 전당 [광주] (구. 광주문화예술회관),서양음악(클래식)
PF243013,그_냥 단독공연: 이번 여름에도 그_냥,2024.07.13,2024.07.13,문화정원 아트홀,대중음악
PF243012,"영도문화예술회관 수요상설공연 onStage, 구각노리: 잘 살아 보세",2024.07.03,2024.07.03,영도문화예술회관,한국음악(국악)
PF243010,"박소은 단독 공연, 마지막 문장: 오 너와 나 그렇게 쌓여가는 너와 나",2024.07.06,2024.07.06,롤링홀,대중음악
PF243009,"광주시립발레단 기획공연, 발레살롱콘서트 Ⅱ: 단원안무전",2024.07.05,2024.07.06,빛고을시민문화관,무용
PF243008,"제32회 젊은연극제, 청춘예찬",2024.06.20,2024.06.21,선돌극장,연극
PF243007,"밀양아리랑아트센터 개관 8주년 기념 특별 기획, YB 초청공연",2024.06.28,2024.06.28,밀양아리랑아트센터,대중음악
PF243006,제6회 독일가곡회 정기연주회: Beethoven Virus & Puccini,2024.06.21,2024.06.21,대구콘서트하우스,서양음악(클래식)
PF243005,박승민 파이프오르간 독주회,2024.07.04,2024.07.04,영산아트홀,서양음악(클래식)
PF243004,전효숙의 대구코랄 정기연주회: 봄날은 간다,2024.06.18,2024.06.18,수성아트피아,서양음악(클래식)
PF243003,"제167회 강남심포니오케스트라 클래식품격콘서트, 강남마티네 콘서트 GREAT COMPOSER SERIES: 로시니 VS 베르디",2024.07.04,2024.07.04,광림아트센터,서양음악(클래식)
PF243002,모차르트와 모짜렐라의 마술피리 이야기 [울산],2024.07.04,2024.07.04,울산북구문화예술회관,서양음악(클래식)
PF243000,라스트 씨어터 맨 [대학로],2024.07.06,2024.07.14,드림시어터 [대학로],연극
PF242999,얼쑤 [정선],2024.06.21,2024.06.21,정선아리랑센터,뮤지컬
PF242996,"먼데이프로젝트 시즌7, Our Universe: 시인을 위하여 단독 콘서트",2024.07.01,2024.07.01,클럽온에어,대중음악
PF242995,"토요재즈살롱 LIVE IN 인천 송도, 정우연 TRIO",2024.06.15,2024.06.15,카페와안,대중음악
PF242994,"찰리재즈퀄텟, ONLY FOR JAZZ [대구] (7월)",2024.07.19,2024.07.19,에이치아츠(H-Art),대중음악
PF242993,"목요예술무대, 한웅원 밴드 with 유태평양",2024.07.04,2024.07.04,강동아트센터,대중음악
PF242992,마비노기 20주년 오케스트라 콘서트: 별을 위하여 (07.13),2024.07.13,2024.07.13,롯데콘서트홀,서양음악(클래식)
PF242991,"78AVENUE 78LIVE, 정수민",2024.07.11,2024.07.11,엠피엠지,대중음악
PF242990,자라섬재즈 서칭포재즈맨: 내 생애 첫 전국투어 [전주],2024.06.21,2024.06.23,까사데알마,대중음악
PF242986,"어썸스테이지, N.Flying [부산]",2024.06.30,2024.06.30,벡스코 (BEXCO),대중음악
PF242984,인피니티 플라잉 (INFINITY FLYING) [경주],2024.06.13,2024.08.31,경주세계문화엑스포,뮤지컬
PF242982,장화신은 고양이 [김해],2024.07.21,2024.07.21,김해 장유문화센터,뮤지컬
PF242981,제7회 정기연주회 You & I Ensemble,2024.06.18,2024.06.18,금호아트홀 연세,서양음악(클래식)
PF242980,김설화 귀국 피아노 독주회,2024.07.12,2024.07.12,금호아트홀 연세,서양음악(클래식)
PF242979,PAIR PLAY: Vol. 9 Bump2Soul Ⅹ Soul delivery,2024.07.07,2024.07.07,KT&G 상상마당 라이브홀 [마포],대중음악
PF242977,"줄라이 페스티벌, 슈만이라는 바다: 이정란, 김동현 외",2024.07.14,2024.07.14,예술가의 집,서양음악(클래식)
PF242974,"줄라이 페스티벌, 슈만이라는 바다: 유정인, 김다은, 고준서 외",2024.07.02,2024.07.02,예술가의 집,서양음악(클래식)
PF242971,"줄라이 페스티벌, 슈만이라는 바다: 위필하모닉오케스트라, 문지영",2024.07.01,2024.07.01,예술가의 집,서양음악(클래식)
PF242969,"줄라이 페스티벌, 슈만이라는 바다: 위재원, 한수진 외",2024.07.18,2024.07.18,예술가의 집,서양음악(클래식)
PF242967,"줄라이 페스티벌, 슈만이라는 바다: 위재원, 강유경 외",2024.07.07,2024.07.07,예술가의 집,서양음악(클래식)
PF242966,"제32회 젊은연극제, 청춘예찬",2024.06.25,2024.06.26,공간아울,연극
PF242964,해설이 있는 이아라 바이올린 독주회,2024.07.08,2024.07.08,금호아트홀 연세,서양음악(클래식)
PF242963,한여름 낮의 꿈 [오산],2024.07.20,2024.07.20,오산문화예술회관,서양음악(클래식)
PF242962,누가 내 머리에 똥 쌌어? [삼척],2024.07.13,2024.07.13,삼척문화예술회관,뮤지컬
PF242961,"한민선 Collaborative Recital, 낭만에 대하여: WILDROMANTISCH [대전]",2024.07.06,2024.07.06,대전예술의전당,서양음악(클래식)
PF242958,"트래블 콘서트: 탱고의 도시, 부에노스 아리레스 [군산]",2024.06.26,2024.06.26,군산예술의전당,서양음악(클래식)
PF242957,"줄라이 페스티벌: 슈만이라는 바다, 아이원싱어즈, 장민혜 외",2024.07.09,2024.07.09,예술가의 집,서양음악(클래식)
PF242955,"줄라이 페스티벌: 슈만이라는 바다, 송현정, 김동현, 박영성 외",2024.07.11,2024.07.11,예술가의 집,서양음악(클래식)
PF242954,연평,2024.06.28,2024.07.01,서울시민청,연극
PF242953,"두들팝 Ver.2, 폴리팝 [안성]",2024.07.12,2024.07.13,안성맞춤아트홀,뮤지컬
PF242952,최진이 피아노 독주회,2024.07.14,2024.07.14,금호아트홀 연세,서양음악(클래식)
PF242951,"줄라이 페스티벌: 슈만이라는 바다, 서민혁, 김다희, 이선호 외",2024.07.21,2024.07.21,예술가의 집,서양음악(클래식)
PF242950,바닐라 무드 콘서트,2024.07.10,2024.07.10,용산아트홀,서양음악(클래식)
PF242949,청양군민 행복콘서트,2024.07.01,2024.07.01,청양문예회관,대중음악
PF242948,"줄라이 페스티벌: 슈만이라는 바다, 백진주, 유성호, 듀오 하랑",2024.07.20,2024.07.20,예술가의 집,서양음악(클래식)
PF242947,"줄라이 페스티벌: 슈만이라는 바다, 박흥우, 박건우, 정태양",2024.07.23,2024.07.23,예술가의 집,서양음악(클래식)
PF242946,"어썸스테이지, DAY6 & 오월오일 [부산]",2024.06.30,2024.06.30,벡스코 (BEXCO),대중음악
PF242945,"영남춤축제, 한국춤 안무가전",2024.07.20,2024.07.20,국립부산국악원,무용
PF242944,"줄라이 페스티벌: 슈만이라는 바다, 박로한, 고준성, 송윤원 외",2024.07.10,2024.07.10,예술가의 집,서양음악(클래식)
PF242943,"부산시민과 함께하는 해설이 있는 발레, Le Corsaire 해적",2024.07.07,2024.07.07,금정문화회관,무용
PF242942,마술같이 즐거운 학교수업! 브랜드매직의 매직스쿨 [의정부],2024.06.22,2024.06.30,우리소극장 [의정부],서커스/마술
PF242938,제139회 강릉시립교향악단 정기연주회,2024.07.12,2024.07.12,강릉아트센터(구. 강릉문화예술관),서양음악(클래식)
PF242937,"Whee In 1ST WORLD TOUR: WHEE IN THE MOOD, BEYOND (앵콜)",2024.07.20,2024.07.21,올림픽공원,대중음악
PF242936,"착한광대 강제환생프로젝트, 환생전 [군산]",2024.06.29,2024.06.29,군산예술의전당,한국음악(국악)
PF242935,자라섬재즈 서칭포재즈맨 시즌2: 내 생애 첫 전국투어 [춘천],2024.06.14,2024.07.13,축제극장몸짓,대중음악
PF242931,더 템페스트 [대구],2024.06.15,2024.06.15,대구서구문화회관,뮤지컬
PF242930,왁자지껄 청춘일지,2024.06.20,2024.06.23,보광극장,연극
PF242929,제27회 대구트롬본앙상블 정기연주회,2024.06.29,2024.06.29,대구콘서트하우스,서양음악(클래식)
PF242927,"Red C: The Red Sea, 1st Album Concert",2024.06.29,2024.06.29,CJ아지트 광흥창,대중음악
PF242926,"창작ing, 그 날이 오기를 간절히 기다렸어요",2024.07.04,2024.07.09,국립정동극장 세실 (구.세실극장),무용
PF242923,장선희 피아노 독주회,2024.07.07,2024.07.07,예술의전당 [서울],서양음악(클래식)
PF242920,"제32회 젊은연극제, 초량동 994",2024.06.25,2024.06.26,세종대학교 충무관,연극
PF242919,"어썸스테이지, Xdinary Heroes & DAY6 [부산]",2024.06.29,2024.06.29,벡스코 (BEXCO),대중음악
PF242918,"아트프로젝트 레드비, Rose Apple 로즈애플",2024.06.14,2024.06.14,청주예술의전당,무용
PF242917,"어썸스테이지, 정용화 & CNBLUE [부산]",2024.06.29,2024.06.29,벡스코 (BEXCO),대중음악
PF242915,이은호 바순 독주회,2024.07.06,2024.07.06,세종문화회관,서양음악(클래식)
PF242914,"창작공감: 연출, 전기 없는 마을",2024.07.11,2024.08.04,홍익대 대학로 아트센터,연극
PF242913,이예준 첼로 리사이틀 [대구],2024.07.16,2024.07.16,봉산문화회관,서양음악(클래식)
PF242912,블루도그스 [사천],2024.06.28,2024.06.29,사천문화예술회관,연극
PF242911,"줄라이 페스티벌, 슈만이라는 바다: 문성우, 송민혁, 김태형 외",2024.07.03,2024.07.03,예술가의 집,서양음악(클래식)
PF242910,브비브비 시즌2 [울산],2024.06.22,2024.06.23,울산광역시학생교육문화회관,복합
PF242909,"음악교육신문 초청, 강예찬 피아노 독주회",2024.06.22,2024.06.22,영산아트홀,서양음악(클래식)
PF242908,에스메의 여름,2024.07.13,2024.07.14,광화문아트홀,연극
PF242906,변증법,2024.07.02,2024.07.14,후암스테이지,연극
PF242904,"줄라이 페스티벌, 슈만이라는 바다: 김홍박, 이윤후, 임동민 외",2024.07.19,2024.07.19,예술가의 집,서양음악(클래식)
PF242903,우주 매직쇼 [고양 (앵콜) ],2024.07.13,2024.08.18,우경아트홀,서커스/마술
PF242902,"먼데이프로젝트 시즌7, OUR SUMMER: 잭킹콩 단독 콘서트",2024.07.01,2024.07.01,벨로주 [홍대] (구. 왓에버),대중음악
PF242899,"최옥삼류 가야금산조 연구회, 최옥삼류 가야금산조",2024.07.07,2024.07.07,한국문화의집 KOUS,한국음악(국악)
PF242898,"줄라이 페스티벌, 슈만이라는 바다: 김정아, 윤여영, 하유나 외",2024.07.12,2024.07.12,예술가의 집,서양음악(클래식)
PF242897,조선마술사 [대전],2024.07.11,2024.07.14,상상아트홀 [대전],서커스/마술
PF242896,체호프 단편집,2024.06.28,2024.06.30,호원아트홀,연극
PF242895,"줄라이 페스티벌, 슈만이라는 바다: 한수진, 김현미, 김다미 외",2024.07.04,2024.07.04,예술가의 집,서양음악(클래식)
PF242892,"김해윤의 해설이 있는 음악회, 모자이크 살롱 'Suit' 모음곡",2024.07.06,2024.07.06,당진문예의전당,서양음악(클래식)
PF242891,"줄라이 페스티벌, 슈만이라는 바다: 장준호",2024.07.08,2024.07.08,예술가의 집,서양음악(클래식)
PF242890,"줄라이 페스티벌, 슈만이라는 바다: 김영준, 이희명, 백민아 외",2024.07.22,2024.07.22,예술가의 집,서양음악(클래식)
PF242889,"줄라이 페스티벌, 슈만이라는 바다: 장준호, 이동하 외",2024.07.13,2024.07.13,예술가의 집,서양음악(클래식)
PF242888,제76회 고양시립합창단 정기연주회: 낭만의 노래,2024.07.11,2024.07.11,고양아람누리,서양음악(클래식)
PF242887,"줄라이 페스티벌, 슈만이라는 바다: 이혜원, 김나현, 강주이 외",2024.07.15,2024.07.15,예술가의 집,서양음악(클래식)
PF242886,숲으로간 이그니스 마법학교 친구들 [제주],2024.07.13,2024.07.13,서귀포예술의전당,뮤지컬
PF242884,강아솔 뮤직 & 북 콘서트: 사랑에 진 사람들,2024.07.13,2024.07.13,오류아트홀,대중음악
PF242883,"제6회 불휘기픈소리, 장현아의 가야금: 유지경성 그리고 산조",2024.06.29,2024.06.29,선릉아트홀(구. 아트홀 가얏고을),한국음악(국악)
PF242882,"줄라이 페스티벌, 슈만이라는 바다 : 김성호, 김나영, 정태양",2024.07.16,2024.07.16,예술가의 집,서양음악(클래식)
PF242881,소프라노 권주미 귀국 독창회,2024.07.08,2024.07.08,영산아트홀,서양음악(클래식)
PF242879,소란한 여름밤,2024.07.06,2024.07.06,스카이아트홀,대중음악
PF242877,"K-Jazz의 향연, 구각노리",2024.06.29,2024.06.29,재즈런치,한국음악(국악)
PF242876,"모두페스티벌, 우리는 꿈을 위해 달려간다. 돈키호테처럼 [대구]",2024.07.13,2024.07.13,소극장 함세상,연극
PF242875,"제981회 목요예술무대: 세 번째 파장, 프롬",2024.06.27,2024.06.27,강남씨어터,대중음악
PF242874,임주희 피아노 리사이틀,2024.07.20,2024.07.20,예술의전당 [서울],서양음악(클래식)
PF242871,"진천이 추천하는 진천 추천연극, 진천사는 추천석",2024.07.04,2024.07.21,여행자극장,연극
PF242870,"경남도립극단 음악극, 축제: 경상남도 무릉군 도원면 1994번지 [진주]",2024.07.06,2024.07.07,경상남도문화예술회관,연극
PF242866,"내가 농섬보다 외롭다, 사유의 시간 (06.22)",2024.06.22,2024.06.22,매향리 선착장,복합
PF242865,"수성키즈클래식, Music Inside out",2024.07.13,2024.07.13,수성아트피아,서양음악(클래식)
PF242864,"모두페스티벌, 아우성치는 봄 날 [대구]",2024.07.12,2024.07.12,봉산문화회관,연극
PF242862,"꿀잼 어린이극장, 나는 기와입니다",2024.06.21,2024.06.21,성남아트리움 (구. 성남시민회관),연극
PF242860,"우드 톤 재즈 트리오, 일상 재즈 [안산]",2024.06.30,2024.06.30,마을상점생활관,대중음악
PF242859,"격조콘, 허정혁 / 사람 또 사람",2024.06.30,2024.06.30,복합문화공간에무,대중음악
PF242858,"우드 톤 재즈 트리오, 일상 재즈 [서울]",2024.06.29,2024.06.29,1유로 프로젝트 코끼리빌라,대중음악
PF242857,"모두페스티벌, 똑, 똑, 똑 [대구]",2024.07.06,2024.07.06,소극장 함세상,연극
PF242856,밤이 없는 여름,2024.07.05,2024.07.07,아르코예술극장,복합
PF242855,"해설이 있는 음악회 Ⅲ, Cinema with Music [대구]",2024.07.17,2024.07.17,수성아트피아,서양음악(클래식)
PF242852,"ACC SF 연극 시리즈, 대리된 존엄",2024.07.12,2024.07.13,국립아시아문화전당,연극
PF242851,플루티스트 강주희가 들려주는 FRENCH MUSIC [경기],2024.06.17,2024.06.17,티엘아이 아트센터,서양음악(클래식)
PF242850,스프레이 [성남],2024.07.13,2024.07.13,성남아트센터,연극
PF242848,"프로젝트필하모닉, 비창 [부천]",2024.06.30,2024.06.30,부천아트센터,서양음악(클래식)
PF242847,쓱쓱싹싹 그림책 콘서트: 떴다! 세계 음악 여행 (7월) [과천],2024.07.06,2024.07.06,과천시민회관,서양음악(클래식)
PF242845,"ACI 키즈 콘서트, 클랩 그림책 콘서트 Ⅰ: 반짝반짝 우리들",2024.07.13,2024.07.13,아트센터 인천,서양음악(클래식)
PF242844,나는 나로 살기로 했다,2024.06.27,2024.07.14,R&J씨어터(구. 연진아트홀),연극
PF242843,종이아빠 [대학로],2024.07.18,2024.08.15,"시온아트홀 (구. JK아트홀, 구. 샘아트홀)",뮤지컬
PF242841,꼬마버스 타요: 용감한 구조대 레스큐 타요 [평택],2024.07.20,2024.07.21,평택시남부문예회관,뮤지컬
PF242839,"트리오 인스피레이션 연주회, 낭만주의 Virtuoso",2024.06.25,2024.06.25,예술의전당 [서울],서양음악(클래식)
PF242837,제57회 전북특별자치도립국악원 창극단 정기공연: 춘향,2024.07.13,2024.07.14,한국소리문화의전당,한국음악(국악)
PF242836,투가이즈쇼 #2. GENERATION,2024.07.08,2024.10.07,구름아래소극장,뮤지컬
PF242835,어린이 캣 [화성],2024.07.13,2024.07.13,화성아트홀,뮤지컬
PF242834,"알아두면 쓸데있는 신나는 클래식, 알쓸신클 [인천]",2024.07.06,2024.07.06,인천학생교육문화회관,서양음악(클래식)
PF242833,서울전자음악단 원주공연,2024.07.12,2024.07.12,클럽 본 [원주],대중음악
PF242831,탭댄스 위드재즈 콘서트 [창녕],2024.06.28,2024.06.28,창녕문화예술회관,서양음악(클래식)
PF242830,블랙홀 콘서트 [부산],2024.06.29,2024.06.29,KT&G 상상마당 라이브홀 [부산],대중음악
PF242828,한지혜 피아노 독주회,2024.06.26,2024.06.26,금호아트홀 연세,서양음악(클래식)
PF242826,한국일보 창간70주년 기념음악회,2024.07.09,2024.07.09,롯데콘서트홀,서양음악(클래식)
PF242825,"김수로 Curated 18, 정상윤 단독콘서트: 토로 (吐露)",2024.06.29,2024.06.29,현대카드 언더스테이지,서양음악(클래식)
PF242824,김성훈 피아노 독주회,2024.07.12,2024.07.12,예술의전당 [서울],서양음악(클래식)
PF242823,"국립현대무용단, 여자야 여자야 [강릉]",2024.07.20,2024.07.20,강릉아트센터(구. 강릉문화예술관),무용
PF242822,"생상스와 함께 떠나는 키즈 음악글램핑, 동물의 사육제",2024.06.15,2024.06.15,북아현아트홀,서양음악(클래식)
PF242821,"대전시립청소년합창단, 거장과의 만남 Ⅱ: 포레",2024.07.13,2024.07.13,대전예술의전당,서양음악(클래식)
PF242820,죽여주는 이야기 [서산],2024.06.26,2024.06.29,서산시문화회관,연극
PF242818,"코리아챔버앙상블 정기연주회, 클래식 톡톡 talk talk [강원]",2024.06.20,2024.06.20,원주문화원,서양음악(클래식)
PF242817,정지강 윤형숙 피아노 듀오 리사이틀,2024.06.20,2024.06.20,영산아트홀,서양음악(클래식)
PF242816,이은미 LIVE TOUR: 녹턴 [금산],2024.06.20,2024.06.20,금산다락원 생명의집,대중음악
PF242813,yonige Live in Seoul,2024.07.12,2024.07.12,롤링홀,대중음악
PF242812,"쌀롱드무지끄, 초여름날의 산책",2024.06.19,2024.06.19,쌀롱드무지끄,서양음악(클래식)
PF242811,SOUND ATTACK Vol.2,2024.06.23,2024.06.23,CLUB bender(클럽 벤더),대중음악
PF242810,"김호은 카시아무용단 레파토리 정기공연, 이을 연 (連) : 춤에게 가는 길 Ⅱ",2024.06.27,2024.06.27,국립국악원,무용
PF242809,"찬민 (CHANMIN) EP 발매기념 콘서트, CINEMA",2024.07.06,2024.07.06,살롱 문보우,대중음악
PF242807,제6회 까메라타 정기연주회,2024.06.19,2024.06.19,성남아트센터,서양음악(클래식)
PF242808,백설공주와 일곱난쟁이 [노원],2024.07.13,2024.07.13,노원구민의전당(구. 노원구민회관),뮤지컬
PF242804,이 동네 개판 5분 전,2024.06.27,2024.06.29,모두예술극장,연극
PF242802,운수 좋은 날 [부산],2024.07.05,2024.07.05,부산시민회관,무용
PF242801,꿈을 꾸는 자들의 어나더앙상블 [구로],2024.07.06,2024.07.06,구로아트밸리,서양음악(클래식)
PF242800,유욱진 귀국 피아노 독주회,2024.06.23,2024.06.23,예술의전당 [서울],서양음악(클래식)
PF242799,"해설이 있는 풍류, 일무와 궁중정재편",2024.06.27,2024.06.27,민속극장풍류,한국음악(국악)
PF242798,"제32회 젊은연극제, 밑바닥에서",2024.06.22,2024.06.23,공간아울,연극
PF242797,제119회 춘천시립합창단 정기연주회: 합창으로 듣는 재즈와 영화음악,2024.07.11,2024.07.11,춘천문화예술회관,서양음악(클래식)
PF242794,BUDX WORLD TOUR: Lollapalooza Pre-party (07.13),2024.07.13,2024.07.13,쉘터 & 페이퍼 (SHELTER & PAPER),대중음악
PF242792,BUDX WORLD TOUR: TOMORROWLAND Pre-party (06.22),2024.06.22,2024.06.22,클럽 잭리빈 (JACK&LIVIN),대중음악
PF242791,제14회 대원하모니 정기연주회 with 하트 하트재단,2024.06.11,2024.06.11,롯데콘서트홀,서양음악(클래식)
PF242790,도깨비 안마원 [대학로],2024.06.28,2024.06.30,대학로 이음센터(한국장애인문화예술원),연극
PF242789,퓨전국악밴드 비원: 리얼풍류,2024.07.20,2024.07.20,김해문화의전당,한국음악(국악)
PF242788,더 그레잇 발레 갈라콘서트 [인천],2024.07.13,2024.07.13,인천학생교육문화회관,무용
PF242787,콩쥐팥쥐 [광명],2024.06.22,2024.08.11,소나무예술극장,뮤지컬
PF242786,똥쟁이 윤영의 여름,2024.07.11,2024.07.14,나온씨어터,연극
PF242784,"제507회 대구시립교향악단 정기연주회, 브라질에서 온 클래식 [대구]",2024.07.12,2024.07.12,대구콘서트하우스,서양음악(클래식)
PF242782,싸이흠뻑쇼: SUMMER SWAG [원주],2024.06.29,2024.06.29,원주 종합운동장,대중음악
PF242779,싸이흠뻑쇼: SUMMER SWAG [과천],2024.07.20,2024.07.21,과천 서울대공원,대중음악
PF242777,음악의 아버지 바흐의 커피 칸타타 [구로],2024.07.05,2024.07.05,구로아트밸리,서양음악(클래식)
